q,d,quadratic_chars,excess_factor,rho_order2_axes,rho_other
2,4,4,1.3333,-0.3333,0.6667
2,5,4,1.0667,-0.36,0.4267
2,6,8,2.7028,0.5251,1.1777
2,7,8,1.9869,0.2448,0.7421
2,8,16,0.3265,0.2085,-0.882
2,9,16,0.8128,-0.4003,0.2131
2,10,32,1.0993,0.2436,-0.1443
2,11,32,1.7902,0.2072,0.583
2,12,64,2.1264,0.1274,0.999
2,13,64,1.1351,-0.0949,0.23
2,14,128,1.5369,0.2443,0.2926
2,15,128,0.9807,0.0213,-0.0405
2,16,256,1.154,0.0373,0.1167
4,3,4,0.0,0.0,-1.0
4,4,16,5.3333,0.3333,4.0
4,5,16,5.428,0.8259,3.6021
4,6,64,2.4354,1.3411,0.0942
4,7,64,1.7881,0.4249,0.3632
4,8,256,2.2544,0.0736,1.1808
4,9,256,0.9362,-0.0189,-0.0449
8,3,8,0.0,0.0,-1.0
8,4,64,21.3333,1.6667,18.6667
8,5,64,4.3063,0.2779,3.0284
8,6,512,16.6571,2.2071,13.45
8,7,512,1.9876,0.0043,0.9833
