q,d,eps_axes,axis_orders,rho
2,4,01,4;2,-0.3333
2,4,10,4;2,1.0
2,4,11,4;2,-0.3333
2,5,01,8;2,-0.36
2,5,10,8;2,0.3067
2,5,11,8;2,0.12
2,6,001,8;2;2,0.2619
2,6,010,8;2;2,-0.194
2,6,011,8;2;2,0.4573
2,6,100,8;2;2,0.4573
2,6,101,8;2;2,-0.0638
2,6,110,8;2;2,0.1316
2,6,111,8;2;2,0.6526
2,7,001,8;4;2,0.2448
2,7,010,8;4;2,0.0508
2,7,011,8;4;2,-0.097
2,7,110,8;4;2,0.097
2,7,111,8;4;2,0.7376
2,8,0010,8;4;2;2,0.2829
2,8,0100,8;4;2;2,0.1036
2,8,0110,8;4;2;2,0.3085
2,8,1000,8;4;2;2,-0.2805
2,8,1001,8;4;2;2,-0.0884
2,8,1010,8;4;2;2,-0.2805
2,8,1011,8;4;2;2,-0.0884
2,8,1100,8;4;2;2,-0.1525
2,8,1101,8;4;2;2,-0.0628
2,8,1110,8;4;2;2,-0.2549
2,8,1111,8;4;2;2,-0.0628
2,9,0001,16;4;2;2,-0.2189
2,9,0011,16;4;2;2,-0.2189
2,9,0101,16;4;2;2,0.1633
2,9,0110,16;4;2;2,-0.1337
2,9,0111,16;4;2;2,0.1633
2,9,1000,16;4;2;2,-0.1142
2,9,1100,16;4;2;2,0.1089
2,9,1101,16;4;2;2,-0.2183
2,9,1110,16;4;2;2,0.3181
2,9,1111,16;4;2;2,-0.2183
2,10,00010,16;4;2;2;2,0.1015
2,10,00011,16;4;2;2;2,0.074
2,10,00100,16;4;2;2;2,-0.0865
2,10,00110,16;4;2;2;2,0.1015
2,10,00111,16;4;2;2;2,0.074
2,10,01000,16;4;2;2;2,-0.1548
2,10,01011,16;4;2;2;2,-0.1022
2,10,01111,16;4;2;2;2,-0.1022
2,10,10101,16;4;2;2;2,0.1453
2,10,11000,16;4;2;2;2,0.0564
2,10,11101,16;4;2;2;2,0.0723
2,11,00001,16;4;4;2;2,0.0726
2,11,00011,16;4;4;2;2,0.1238
2,11,00111,16;4;4;2;2,0.1238
2,11,01101,16;4;4;2;2,0.0689
2,11,10011,16;4;4;2;2,0.0917
2,11,10101,16;4;4;2;2,-0.1
2,11,10111,16;4;4;2;2,0.0917
2,11,11000,16;4;4;2;2,-0.0609
2,11,11011,16;4;4;2;2,0.0732
2,11,11100,16;4;4;2;2,0.0855
2,11,11111,16;4;4;2;2,0.0732
2,12,001000,16;4;4;2;2;2,0.066
2,12,001010,16;4;4;2;2;2,0.0681
2,12,010010,16;4;4;2;2;2,-0.0511
2,12,011010,16;4;4;2;2;2,-0.0587
2,12,100000,16;4;4;2;2;2,0.053
2,12,100100,16;4;4;2;2;2,-0.055
2,12,101010,16;4;4;2;2;2,0.0607
2,12,101100,16;4;4;2;2;2,-0.055
2,12,110000,16;4;4;2;2;2,0.1294
2,12,110010,16;4;4;2;2;2,0.0601
2,12,110110,16;4;4;2;2;2,0.0956
2,12,111110,16;4;4;2;2;2,0.0956
2,13,001000,16;8;4;2;2;2,0.0633
2,13,010010,16;8;4;2;2;2,-0.0696
2,13,110000,16;8;4;2;2;2,0.0559
2,13,111010,16;8;4;2;2;2,-0.0525
2,14,0001001,16;8;4;2;2;2;2,0.056
2,14,0001101,16;8;4;2;2;2;2,0.056
4,3,01,4;4,-0.3333
4,3,10,4;4,-0.3333
4,3,11,4;4,-0.3333
4,4,0001,4;4;2;2,0.5556
4,4,0010,4;4;2;2,-0.1111
4,4,0011,4;4;2;2,-0.1111
4,4,0100,4;4;2;2,1.0
4,4,0101,4;4;2;2,0.5556
4,4,0110,4;4;2;2,-0.1111
4,4,0111,4;4;2;2,-0.1111
4,4,1000,4;4;2;2,1.0
4,4,1001,4;4;2;2,0.5556
4,4,1010,4;4;2;2,-0.1111
4,4,1011,4;4;2;2,-0.1111
4,4,1100,4;4;2;2,1.0
4,4,1101,4;4;2;2,0.5556
4,4,1110,4;4;2;2,-0.1111
4,4,1111,4;4;2;2,-0.1111
4,5,0001,8;8;2;2,0.2772
4,5,0010,8;8;2;2,0.2743
4,5,0011,8;8;2;2,0.2743
4,5,0100,8;8;2;2,0.3786
4,5,0101,8;8;2;2,0.2734
4,5,0110,8;8;2;2,0.2743
4,5,0111,8;8;2;2,0.2743
4,5,1000,8;8;2;2,0.3786
4,5,1001,8;8;2;2,0.2734
4,5,1010,8;8;2;2,0.2743
4,5,1011,8;8;2;2,0.2743
4,5,1100,8;8;2;2,0.3786
4,5,1101,8;8;2;2,0.2734
4,5,1110,8;8;2;2,0.2743
4,5,1111,8;8;2;2,0.2743
4,6,000001,8;8;2;2;2;2,0.1523
4,6,000010,8;8;2;2;2;2,0.1523
4,6,000011,8;8;2;2;2;2,0.1523
4,6,000101,8;8;2;2;2;2,0.3408
4,6,000110,8;8;2;2;2;2,0.3408
4,6,000111,8;8;2;2;2;2,0.3408
4,6,010000,8;8;2;2;2;2,0.1164
4,6,010010,8;8;2;2;2;2,0.0758
4,6,010011,8;8;2;2;2;2,0.0758
4,6,010100,8;8;2;2;2;2,-0.1301
4,6,010101,8;8;2;2;2;2,0.1507
4,6,010110,8;8;2;2;2;2,-0.0519
4,6,010111,8;8;2;2;2;2,-0.0519
4,6,100000,8;8;2;2;2;2,0.1164
4,6,100001,8;8;2;2;2;2,0.0758
4,6,100010,8;8;2;2;2;2,0.0758
4,6,100100,8;8;2;2;2;2,-0.1301
4,6,100101,8;8;2;2;2;2,-0.0519
4,6,100110,8;8;2;2;2;2,-0.0519
4,6,100111,8;8;2;2;2;2,0.1507
4,6,110000,8;8;2;2;2;2,0.1164
4,6,110001,8;8;2;2;2;2,0.0758
4,6,110011,8;8;2;2;2;2,0.0758
4,6,110100,8;8;2;2;2;2,-0.1301
4,6,110101,8;8;2;2;2;2,-0.0519
4,6,110110,8;8;2;2;2;2,0.1507
4,6,110111,8;8;2;2;2;2,-0.0519
4,7,000001,8;8;4;4;2;2,0.1416
4,7,000010,8;8;4;4;2;2,0.1416
4,7,000011,8;8;4;4;2;2,0.1416
4,7,000101,8;8;4;4;2;2,0.0666
4,7,000110,8;8;4;4;2;2,0.0666
4,7,000111,8;8;4;4;2;2,0.0666
4,7,010000,8;8;4;4;2;2,0.2638
4,7,010001,8;8;4;4;2;2,0.0576
4,7,010100,8;8;4;4;2;2,-0.0964
4,7,100000,8;8;4;4;2;2,0.2638
4,7,100011,8;8;4;4;2;2,0.0576
4,7,100100,8;8;4;4;2;2,-0.0964
4,7,110000,8;8;4;4;2;2,0.2638
4,7,110010,8;8;4;4;2;2,0.0576
4,7,110100,8;8;4;4;2;2,-0.0964
4,8,00010000,8;8;4;4;2;2;2;2,0.057
4,8,01000000,8;8;4;4;2;2;2;2,0.0836
4,8,01010100,8;8;4;4;2;2;2;2,0.1021
4,8,10000000,8;8;4;4;2;2;2;2,0.0836
4,8,10011100,8;8;4;4;2;2;2;2,0.1021
4,8,11000000,8;8;4;4;2;2;2;2,0.0836
4,8,11011000,8;8;4;4;2;2;2;2,0.1021
8,3,001,4;4;4,-0.1429
8,3,010,4;4;4,-0.1429
8,3,011,4;4;4,-0.1429
8,3,100,4;4;4,-0.1429
8,3,101,4;4;4,-0.1429
8,3,110,4;4;4,-0.1429
8,3,111,4;4;4,-0.1429
8,4,000001,4;4;4;2;2;2,0.2381
8,4,000010,4;4;4;2;2;2,0.2381
8,4,000011,4;4;4;2;2;2,0.2381
8,4,000100,4;4;4;2;2;2,0.2381
8,4,000101,4;4;4;2;2;2,0.2381
8,4,000110,4;4;4;2;2;2,0.2381
8,4,000111,4;4;4;2;2;2,0.2381
8,4,001000,4;4;4;2;2;2,1.0
8,4,001001,4;4;4;2;2;2,0.2381
8,4,001010,4;4;4;2;2;2,0.2381
8,4,001011,4;4;4;2;2;2,0.2381
8,4,001100,4;4;4;2;2;2,0.2381
8,4,001101,4;4;4;2;2;2,0.2381
8,4,001110,4;4;4;2;2;2,0.2381
8,4,001111,4;4;4;2;2;2,0.2381
8,4,010000,4;4;4;2;2;2,1.0
8,4,010001,4;4;4;2;2;2,0.2381
8,4,010010,4;4;4;2;2;2,0.2381
8,4,010011,4;4;4;2;2;2,0.2381
8,4,010100,4;4;4;2;2;2,0.2381
8,4,010101,4;4;4;2;2;2,0.2381
8,4,010110,4;4;4;2;2;2,0.2381
8,4,010111,4;4;4;2;2;2,0.2381
8,4,011000,4;4;4;2;2;2,1.0
8,4,011001,4;4;4;2;2;2,0.2381
8,4,011010,4;4;4;2;2;2,0.2381
8,4,011011,4;4;4;2;2;2,0.2381
8,4,011100,4;4;4;2;2;2,0.2381
8,4,011101,4;4;4;2;2;2,0.2381
8,4,011110,4;4;4;2;2;2,0.2381
8,4,011111,4;4;4;2;2;2,0.2381
8,4,100000,4;4;4;2;2;2,1.0
8,4,100001,4;4;4;2;2;2,0.2381
8,4,100010,4;4;4;2;2;2,0.2381
8,4,100011,4;4;4;2;2;2,0.2381
8,4,100100,4;4;4;2;2;2,0.2381
8,4,100101,4;4;4;2;2;2,0.2381
8,4,100110,4;4;4;2;2;2,0.2381
8,4,100111,4;4;4;2;2;2,0.2381
8,4,101000,4;4;4;2;2;2,1.0
8,4,101001,4;4;4;2;2;2,0.2381
8,4,101010,4;4;4;2;2;2,0.2381
8,4,101011,4;4;4;2;2;2,0.2381
8,4,101100,4;4;4;2;2;2,0.2381
8,4,101101,4;4;4;2;2;2,0.2381
8,4,101110,4;4;4;2;2;2,0.2381
8,4,101111,4;4;4;2;2;2,0.2381
8,4,110000,4;4;4;2;2;2,1.0
8,4,110001,4;4;4;2;2;2,0.2381
8,4,110010,4;4;4;2;2;2,0.2381
8,4,110011,4;4;4;2;2;2,0.2381
8,4,110100,4;4;4;2;2;2,0.2381
8,4,110101,4;4;4;2;2;2,0.2381
8,4,110110,4;4;4;2;2;2,0.2381
8,4,110111,4;4;4;2;2;2,0.2381
8,4,111000,4;4;4;2;2;2,1.0
8,4,111001,4;4;4;2;2;2,0.2381
8,4,111010,4;4;4;2;2;2,0.2381
8,4,111011,4;4;4;2;2;2,0.2381
8,4,111100,4;4;4;2;2;2,0.2381
8,4,111101,4;4;4;2;2;2,0.2381
8,4,111110,4;4;4;2;2;2,0.2381
8,4,111111,4;4;4;2;2;2,0.2381
8,5,001000,8;8;8;2;2;2,0.1717
8,5,010000,8;8;8;2;2;2,0.1717
8,5,011000,8;8;8;2;2;2,0.1717
8,5,100000,8;8;8;2;2;2,0.1717
8,5,101000,8;8;8;2;2;2,0.1717
8,5,110000,8;8;8;2;2;2,0.1717
8,5,111000,8;8;8;2;2;2,0.1717
8,6,000000001,8;8;8;2;2;2;2;2;2,0.0731
8,6,000000010,8;8;8;2;2;2;2;2;2,0.0731
8,6,000000011,8;8;8;2;2;2;2;2;2,0.0731
8,6,000000100,8;8;8;2;2;2;2;2;2,0.0731
8,6,000000110,8;8;8;2;2;2;2;2;2,0.0731
8,6,000000111,8;8;8;2;2;2;2;2;2,0.0731
8,6,001000000,8;8;8;2;2;2;2;2;2,0.147
8,6,001000010,8;8;8;2;2;2;2;2;2,0.0731
8,6,001000100,8;8;8;2;2;2;2;2;2,0.0731
8,6,001000101,8;8;8;2;2;2;2;2;2,0.0731
8,6,001000110,8;8;8;2;2;2;2;2;2,0.0731
8,6,001001011,8;8;8;2;2;2;2;2;2,0.0509
8,6,001010001,8;8;8;2;2;2;2;2;2,0.0509
8,6,001110101,8;8;8;2;2;2;2;2;2,0.0509
8,6,010000000,8;8;8;2;2;2;2;2;2,0.147
8,6,010000011,8;8;8;2;2;2;2;2;2,0.0731
8,6,010000100,8;8;8;2;2;2;2;2;2,0.0731
8,6,010000101,8;8;8;2;2;2;2;2;2,0.0731
8,6,010000111,8;8;8;2;2;2;2;2;2,0.0731
8,6,010010001,8;8;8;2;2;2;2;2;2,0.0509
8,6,010011010,8;8;8;2;2;2;2;2;2,0.0509
8,6,010111110,8;8;8;2;2;2;2;2;2,0.0509
8,6,011000000,8;8;8;2;2;2;2;2;2,0.147
8,6,011000001,8;8;8;2;2;2;2;2;2,0.0731
8,6,011000100,8;8;8;2;2;2;2;2;2,0.0731
8,6,011001011,8;8;8;2;2;2;2;2;2,0.0509
8,6,011011010,8;8;8;2;2;2;2;2;2,0.0509
8,6,011101111,8;8;8;2;2;2;2;2;2,0.0509
8,6,100000000,8;8;8;2;2;2;2;2;2,0.147
8,6,100000001,8;8;8;2;2;2;2;2;2,0.0731
8,6,100000010,8;8;8;2;2;2;2;2;2,0.0731
8,6,100000011,8;8;8;2;2;2;2;2;2,0.0731
8,6,100000101,8;8;8;2;2;2;2;2;2,0.0731
8,6,100101111,8;8;8;2;2;2;2;2;2,0.0509
8,6,100110101,8;8;8;2;2;2;2;2;2,0.0509
8,6,100111110,8;8;8;2;2;2;2;2;2,0.0509
8,6,101000000,8;8;8;2;2;2;2;2;2,0.147
8,6,101000010,8;8;8;2;2;2;2;2;2,0.0731
8,6,101000111,8;8;8;2;2;2;2;2;2,0.0731
8,6,101001011,8;8;8;2;2;2;2;2;2,0.0509
8,6,101100100,8;8;8;2;2;2;2;2;2,0.0509
8,6,101111110,8;8;8;2;2;2;2;2;2,0.0509
8,6,110000000,8;8;8;2;2;2;2;2;2,0.147
8,6,110000011,8;8;8;2;2;2;2;2;2,0.0731
8,6,110000110,8;8;8;2;2;2;2;2;2,0.0731
8,6,110010001,8;8;8;2;2;2;2;2;2,0.0509
8,6,110100100,8;8;8;2;2;2;2;2;2,0.0509
8,6,110101111,8;8;8;2;2;2;2;2;2,0.0509
8,6,111000000,8;8;8;2;2;2;2;2;2,0.147
8,6,111000001,8;8;8;2;2;2;2;2;2,0.0731
8,6,111000101,8;8;8;2;2;2;2;2;2,0.0731
8,6,111000110,8;8;8;2;2;2;2;2;2,0.0731
8,6,111000111,8;8;8;2;2;2;2;2;2,0.0731
8,6,111011010,8;8;8;2;2;2;2;2;2,0.0509
8,6,111100100,8;8;8;2;2;2;2;2;2,0.0509
8,6,111110101,8;8;8;2;2;2;2;2;2,0.0509
