q,d,mean_H,var_G,var_H,ratio,excess,rho2,rhoo,KR
2,4,0.75,1.5,2.0,1.3333333333333333,1.3333,-0.3333,0.6667,2
2,5,1.0625,1.171875,1.25,1.0666666666666667,1.0667,-0.36,0.4267,3
2,6,1.0625,5.7578125,15.5625,2.7028493894165537,2.7028,0.5251,1.1777,4
2,7,1.046875,3.884765625,7.71875,1.9869281045751634,1.9869,0.2448,0.7421,5
2,8,0.96875,4.880859375,1.59375,0.32653061224489793,0.3265,0.2085,-0.882,6
2,9,0.98046875,7.09967041015625,5.7705078125,0.812785309617352,0.8128,-0.4003,0.2131,7
2,10,1.02734375,7.1916351318359375,7.90576171875,1.0992996132065664,1.0993,0.2436,-0.1443,8
2,11,0.99853515625,8.573013305664062,15.34716796875,1.7901719525630917,1.7902,0.2072,0.583,9
2,12,0.98388671875,9.752870559692383,20.7384033203125,2.126389681210597,2.1264,0.1274,0.999,10
2,13,1.00439453125,10.10262680053711,11.46728515625,1.1350795572929941,1.1351,-0.0949,0.23,11
2,14,0.99945068359375,11.301528573036194,17.369338989257812,1.536901745370846,1.5369,0.2443,0.2926,12
2,15,0.999542236328125,12.095611304044724,11.86233901977539,0.9807143038573563,0.9807,0.0213,-0.0405,13
2,16,0.998321533203125,13.1919706761837,15.223594665527344,1.1540045865180297,1.154,0.0373,0.1167,14
4,4,1.0,2.25,12.0,5.333333333333333,5.3333,0.3333,4.0,2
4,5,1.01171875,2.599365234375,14.109375,5.428007889546351,5.428,0.8259,3.6021,3
4,6,0.98828125,3.70037841796875,9.01171875,2.4353505863724085,2.4354,1.3411,0.0942,4
4,7,1.003662109375,5.233303070068359,9.357421875,1.788052736429379,1.7881,0.4249,0.3632,5
4,8,1.0,5.877719879150391,13.2509765625,2.254441660192795,2.2544,0.0736,1.1808,6
4,9,0.999908447265625,6.790532710030675,6.357437610626221,0.9362207476352031,0.9362,-0.0189,-0.0449,7
8,4,0.97265625,2.625,56.0,21.333333333333332,21.3333,1.6667,18.6667,2
8,5,1.001708984375,3.1129417419433594,13.4052734375,4.306303987922146,4.3063,0.2779,3.0284,3
8,6,1.001708984375,4.748336315155029,79.093505859375,16.657098530897272,16.6571,2.2071,13.45,4
8,7,1.0002403259277344,4.956962428987026,9.852615356445312,1.9876316388499904,1.9876,0.0043,0.9833,5
