q,d,classes,legendre_intervals,min_Psi,max_Psi,q^(d+1),min_Psi_ratio,E_bound,certified,uncertified,open_range,primes,seconds
2,2,2,1,8,8,8,1.0,12,0,1,0,2147483647;2147483629,2.5
2,3,4,2,16,16,16,1.0,20,0,2,0,2147483629;2147483549,0.0
2,4,8,2,24,24,32,0.75,40,0,2,1,2147483629;2147483549,0.0
2,5,16,4,60,76,64,0.9375,56,4,0,1,2147483497;2147483489,0.0
2,6,32,4,60,164,128,0.46875,128,3,1,1,2147483497;2147483489,0.0
2,7,64,8,196,308,256,0.765625,144,8,0,1,2147483497;2147483489,0.0
2,8,128,8,472,544,512,0.921875,320,8,0,1,2147483497;2147483489,0.0
2,9,256,16,891,1099,1024,0.8701171875,416,16,0,1,2147483489;2147483249,0.0
2,10,512,16,1900,2280,2048,0.927734375,768,16,0,1,2147483489;2147483249,0.0
2,11,1024,32,3751,4587,4096,0.915771484375,960,32,0,1,2147483489;2147483249,0.0
2,12,2048,32,7164,9192,8192,0.87451171875,2048,32,0,1,2147483489;2147483249,0.0
2,13,4096,64,15561,17355,16384,0.94976806640625,2176,64,0,1,2147483489;2147483249,0.0
2,14,8192,64,31192,34440,32768,0.951904296875,4608,64,0,1,2147483489;2147483249,0.0
2,15,16384,128,63435,67575,65536,0.9679412841796875,5888,128,0,1,2147483489;2147483249,0.1
2,16,32768,128,126848,133440,131072,0.9677734375,10240,128,0,1,2147483489;2147483249,0.2
2,17,65536,256,258264,267733,262144,0.985198974609375,12800,256,0,1,2147483489;2147483137,0.5
2,18,131072,256,516278,533943,524288,0.9847221374511719,26624,256,0,1,2147483489;2147483137,1.0
2,19,262144,512,1037970,1061188,1048576,0.9898853302001953,27648,512,0,1,2147483489;2147483137,2.1
2,20,524288,512,2075920,2114600,2097152,0.9898757934570312,57344,512,0,1,2147483489;2147483137,4.4
2,21,1048576,1024,4168836,4222911,4194304,0.9939279556274414,75776,1024,0,1,2147483489;2147483137,9.3
2,22,2097152,1024,8337318,8429960,8388608,0.9938857555389404,122880,1024,0,1,2147483489;2147483137,19.4
2,23,4194304,2048,16712559,16828985,16777216,0.9961461424827576,159744,2048,0,1,2147483489;2147483137,41.1
2,24,8388608,2048,33432644,33641808,33554432,0.9963704347610474,327680,2048,0,1,2147483489;2147483137,87.7
2,25,16777216,4096,66996650,67252600,67108864,0.9983278810977936,335872,4096,0,1,2147483489;2147483137,184.6
3,2,3,3,27,27,27,1.0,12,3,0,0,2147483647;2147483629,0.0
3,3,9,9,72,99,81,0.8888888888888888,27,9,0,0,2147483647;2147483629,0.0
3,4,27,27,222,300,243,0.9135802469135802,30,27,0,0,2147483647;2147483629,0.0
3,5,81,81,630,795,729,0.8641975308641975,69,81,0,1,2147483647;2147483629,0.0
3,6,243,243,1899,2448,2187,0.8683127572016461,180,243,0,1,2147483647;2147483629,0.0
3,7,729,729,6167,7196,6561,0.9399481786313062,183,729,0,1,2147483647;2147483629,0.0
3,8,2187,2187,18640,20632,19683,0.9470101102474217,510,2187,0,1,2147483647;2147483629,0.0
3,9,6561,6561,56214,61074,59049,0.9519890260631001,1485,6561,0,1,2147483647;2147483629,0.0
3,10,19683,19683,172010,182120,177147,0.9710014846426979,1488,19683,0,1,2147483179;2147482801,0.1
3,11,59049,59049,522544,540936,531441,0.9832587248631551,4407,59049,0,1,2147483179;2147482801,0.2
3,12,177147,177147,1574580,1611648,1594323,0.9876166874591912,13158,177147,0,1,2147483179;2147482801,0.7
3,13,531441,531441,4747236,4815772,4782969,0.9925291173745847,13161,531441,0,1,2147483179;2147482801,2.3
3,14,1594323,1594323,14289338,14410942,14348907,0.9958485339684758,39408,1594323,0,1,2147483179;2147482801,7.6
3,15,4782969,4782969,42922920,43218450,43046721,0.9971240318165,118143,4782969,0,1,2147483179;2147482801,25.1
3,16,14348907,14348907,128904160,129352800,129140163,0.9981725050168939,118146,14348907,0,1,2147483179;2147482801,81.7
4,2,4,1,64,64,64,1.0,40,1,0,0,2147483647;2147483629,0.0
4,3,16,4,256,256,256,1.0,80,4,0,0,2147483629;2147483549,0.0
4,4,64,4,832,1088,1024,0.8125,288,4,0,0,2147483629;2147483549,0.0
4,5,256,16,3736,4280,4096,0.912109375,448,16,0,0,2147483497;2147483489,0.0
4,6,1024,16,15616,16400,16384,0.953125,2048,16,0,1,2147483497;2147483489,0.0
4,7,4096,64,63672,66696,65536,0.9715576171875,2304,64,0,1,2147483497;2147483489,0.0
4,8,16384,64,255808,268160,262144,0.975830078125,10240,64,0,1,2147483497;2147483489,0.0
4,9,65536,256,1043101,1053621,1048576,0.9947786331176758,17408,256,0,1,2147483489;2147483249,0.2
4,10,262144,256,4174456,4217340,4194304,0.9952678680419922,49152,256,0,1,2147483489;2147483249,0.6
4,11,1048576,1024,16746125,16804755,16777216,0.9981468319892883,77824,1024,0,1,2147483489;2147483249,2.6
4,12,4194304,1024,66896880,67164528,67108864,0.9968411922454834,327680,1024,0,1,2147483489;2147483249,11.8
4,13,16777216,4096,268304140,268621028,268435456,0.9995108097791672,344064,4096,0,1,2147483489;2147483249,53.7
5,2,5,5,125,125,125,1.0,20,5,0,0,2147483171;2147482951,0.0
5,3,25,25,600,650,625,0.96,65,25,0,0,2147483171;2147482951,0.0
5,4,125,125,3000,3225,3125,0.96,70,125,0,0,2147483171;2147482951,0.0
5,5,625,625,14500,16500,15625,0.928,275,625,0,0,2147483171;2147482951,0.0
5,6,3125,3125,76608,79552,78125,0.9805824,1280,3125,0,0,2147482951;2147482801,0.0
5,7,15625,15625,386120,395640,390625,0.9884672,1285,15625,0,1,2147482951;2147482801,0.1
5,8,78125,78125,1941344,1970496,1953125,0.993968128,6290,78125,0,1,2147482951;2147482801,0.2
5,9,390625,390625,9727776,9797904,9765625,0.9961242624,31295,390625,0,1,2147482951;2147482801,1.1
5,10,1953125,1953125,48716525,48915200,48828125,0.997714432,31300,1953125,0,1,2147482951;2147482801,5.8
5,11,9765625,9765625,243913582,244371864,244140625,0.999070031872,156305,9765625,0,1,2147482951;2147482801,34.1
7,2,7,7,343,343,343,1.0,28,7,0,0,2147483647;2147483563,0.0
7,3,49,49,2352,2450,2401,0.9795918367346939,119,49,0,0,2147483647;2147483563,0.0
7,4,343,343,16464,17052,16807,0.9795918367346939,126,343,0,0,2147483647;2147483563,0.0
7,5,2401,2401,116550,118930,117649,0.9906586541322068,721,2401,0,0,2147483647;2147483563,0.0
7,6,16807,16807,815556,830277,823543,0.9903016600226097,4844,16807,0,0,2147483647;2147483563,0.0
7,7,117649,117649,5682138,5809734,5764801,0.9856607365978461,4851,117649,0,0,2147483647;2147483563,0.1
7,8,823543,823543,40280824,40420508,40353607,0.9981963694100505,33670,823543,0,0,2147479489;2147479097,3.4
7,9,5764801,5764801,282263877,282674538,282475249,0.9992517149706097,235361,5764801,0,1,2147479489;2147479097,26.7
7,10,40353607,40353607,1976693130,1977984240,1977326743,0.9996795607998309,235368,40353607,0,1,2147479489;2147479097,212.4
8,2,8,1,512,512,512,1.0,144,1,0,0,2147483647;2147483629,0.0
8,3,64,8,4096,4096,4096,1.0,320,8,0,0,2147483629;2147483549,0.0
8,4,512,8,29184,32256,32768,0.890625,2176,8,0,0,2147483629;2147483549,0.0
8,5,4096,64,257776,263280,262144,0.98333740234375,3584,64,0,0,2147483497;2147483489,0.0
8,6,32768,64,2093888,2132992,2097152,0.998443603515625,32768,64,0,0,2147483497;2147483489,0.1
8,7,262144,512,16764608,16797312,16777216,0.9992485046386719,36864,512,0,0,2147483497;2147483489,0.3
8,8,2097152,512,133726720,134373376,134217728,0.9963417053222656,327680,512,0,0,2147483497;2147483489,2.5
8,9,16777216,4096,1072968121,1073935665,1073741824,0.9992794329300523,819200,4096,0,0,2147483489;2147483249,34.1
8,10,134217728,4096,8588825680,8596269536,8589934592,0.9998709056526423,3145728,4096,0,1,2147483489;2147483249,337.8
9,2,9,9,729,729,729,1.0,36,9,0,0,2147483647;2147483629,0.1
9,3,81,81,5913,6642,6561,0.9012345679012346,189,81,0,0,2147483647;2147483629,0.0
9,4,729,729,58248,59697,59049,0.9864349946654474,198,729,0,0,2147483647;2147483629,0.0
9,5,6561,6561,524340,535140,531441,0.9866382157191486,1503,6561,0,0,2147483647;2147483629,0.0
9,6,59049,59049,4729833,4806216,4782969,0.9888905823976697,13176,59049,0,0,2147483647;2147483629,0.1
9,7,531441,531441,42989618,43120658,43046721,0.9986734645828192,13185,531441,0,0,2147483647;2147483629,0.6
9,8,4782969,4782969,387186560,387705185,387420489,0.9993961883621493,118170,4782969,0,0,2147483647;2147483629,6.0
8,10,134217728,4096,8588825680,8596269536,8589934592,0.9998709056526423,3145728,4096,0,1,2147483489;2147483249,338.6
