q,d,p,classes,legendre_intervals,min_Psi_ratio,max_Psi_ratio,mean_Psi_ratio,var_Psi_over_q^(d+1),KR_limit,min_Z,max_Z,E_bound,certified_all,uncertified,open_range,max_round_dev,seconds
2,2,2,2,1,1.0,1.0,1.0,0.0,,0.0,0.0,12,0,1,0,0.0,0.43
2,3,2,4,2,1.0,1.0,1.0,0.0,,0.0,0.0,20,0,2,0,0.0,0.0
2,4,2,8,2,0.75,0.75,0.75,2.0,2,-1.0,-1.0,40,0,2,1,0.0,0.0
2,5,2,16,4,0.9375,1.1875,1.0625,1.25,3,-0.2886751345948129,0.8660254037844387,56,1,0,1,1.4210854715202004e-14,0.0
2,6,2,32,4,0.46875,1.28125,1.0625,15.5625,4,-3.005203820042827,1.590990257669732,128,0,1,1,2.842170943040401e-14,0.0
2,7,2,64,8,0.765625,1.203125,1.046875,7.71875,5,-1.6770509831248421,1.4534441853748632,144,1,0,1,5.684341886080802e-14,0.0
2,8,2,128,8,0.921875,1.0625,0.96875,1.59375,6,-0.7216878364870323,0.5773502691896258,320,1,0,1,1.1368683772161603e-13,0.0
2,9,2,256,16,0.8701171875,1.0732421875,0.98046875,5.7705078125,7,-1.5709148409446005,0.8858542336153763,416,1,0,1,2.2737367544323206e-13,0.0
2,10,2,512,16,0.927734375,1.11328125,1.02734375,7.90576171875,8,-1.15625,1.8125,768,1,0,1,4.547473508864641e-13,0.0
2,11,2,1024,32,0.915771484375,1.119873046875,0.99853515625,15.34716796875,9,-1.796875,2.5572916666666665,960,1,0,1,9.094947017729282e-13,0.0
2,12,2,2048,32,0.87451171875,1.1220703125,0.98388671875,20.7384033203125,10,-3.591684188859037,3.4938562148434213,2048,1,0,1,9.094947017729282e-13,0.0
2,13,2,4096,64,0.94976806640625,1.05926513671875,1.00439453125,11.46728515625,11,-1.9386237233398396,2.2872462155078788,2176,1,0,1,1.8189894035458565e-12,0.01
2,14,2,8192,64,0.951904296875,1.051025390625,0.99945068359375,17.369338989257812,12,-2.513278538168157,2.6663716470921055,4608,1,0,1,7.275957614183426e-12,0.02
2,15,2,16384,128,0.9679412841796875,1.0311126708984375,0.999542236328125,11.86233901977539,13,-2.276220922400794,2.209050195514145,5888,1,0,1,7.275957614183426e-12,0.05
2,16,2,32768,128,0.9677734375,1.01806640625,0.998321533203125,15.223594665527344,14,-3.1182069023261243,1.7480856876676758,10240,1,0,1,1.4551915228366852e-11,0.11
2,17,2,65536,256,0.985198974609375,1.0213203430175781,1.0001220703125,13.876068592071533,15,-1.9566634613652054,2.818503114837663,12800,1,0,1,0.0,0.41
2,18,2,131072,256,0.9847221374511719,1.0184154510498047,0.9997949600219727,19.708617568016052,16,-2.7655885338399635,3.3335527208770097,26624,1,0,1,0.0,0.92
2,19,2,262144,512,0.9898853302001953,1.0120277404785156,1.0003838539123535,17.65313881635666,17,-2.512043788218113,2.987167288045148,27648,1,0,1,0.0,2.15
2,20,2,524288,512,0.9898757934570312,1.0083198547363281,0.9999313354492188,19.450379356741905,18,-3.4557291666666665,2.83984375,57344,1,0,1,0.0,5.02
2,21,2,1048576,1024,0.9939279556274414,1.0068204402923584,1.0000945627689362,17.63653516024351,19,-2.8529101124098957,3.2045390131031053,75776,1,0,1,0.0,11.79
2,22,2,2097152,1024,0.9938857555389404,1.004929542541504,1.000048041343689,22.742087930440903,20,-3.9597954392098673,3.1925416455879594,122880,1,0,1,0.0,27.44
2,23,2,4194304,2048,0.9961461424827576,1.0030856728553772,1.0000699684023857,18.46809223247692,21,-3.444656769772598,2.7580375877995826,159744,1,0,1,0.0,60.96
2,24,2,8388608,2048,0.9963704347610474,1.0026040077209473,0.9999223947525024,23.07758839474991,22,-4.4824784708785,3.215924712381186,327680,1,0,1,0.0,128.76
2,25,2,16777216,4096,0.9983278810977936,1.0021418333053589,1.000027472153306,23.027267066470813,23,-2.8562300364990953,3.6585727318002563,335872,1,0,1,0.0,281.64
3,2,3,3,3,1.0,1.0,1.0,0.0,,0.0,0.0,12,1,0,0,0.0,0.0
3,3,3,9,9,0.8888888888888888,1.2222222222222223,1.0,0.6666666666666666,,-1.0,2.0,27,1,0,0,0.0,0.0
3,4,3,27,27,0.9135802469135802,1.2345679012345678,1.0,2.123456790123457,2,-0.9525793444156804,2.5855725062711326,30,1,0,0,0.0,0.01
3,5,3,81,81,0.8641975308641975,1.0905349794238683,1.0,1.8024691358024691,3,-2.116950987028628,1.4113006580190852,69,1,0,1,1.1368683772161603e-13,0.0
3,6,3,243,243,0.8683127572016461,1.1193415637860082,1.0,4.850480109739369,4,-3.079201435678004,2.790526301083191,180,1,0,1,4.547473508864641e-13,0.0
3,7,3,729,729,0.9399481786313062,1.0967840268251792,1.0,4.435322077144971,5,-2.1753352669997956,3.5059337424996704,183,1,0,1,9.094947017729282e-13,0.0
3,8,3,2187,2187,0.9470101102474217,1.048214194990601,1.0,5.50194408535786,6,-3.0350303406484325,2.761499322411661,510,1,0,1,0.0,0.0
3,9,3,6561,6561,0.9519890260631001,1.0342935528120714,1.0,6.664556680170831,7,-4.409585518440984,3.14970394174356,1485,1,0,1,0.0,0.02
3,10,3,19683,19683,0.9710014846426979,1.028072730557108,1.0,7.886593432078395,8,-4.315167629861861,4.177404832256771,1488,1,0,1,0.0,0.03
3,11,3,59049,59049,0.9832587248631551,1.017866517637894,1.0,8.656658188370734,9,-4.068129858253315,4.341563786008231,4407,1,0,1,0.0,0.11
3,12,3,177147,177147,0.9876166874591912,1.0108666813437428,1.0,9.72322927057858,10,-4.944529699508228,4.33895441645039,13158,1,0,1,0.0,0.7
3,13,3,531441,531441,0.9925291173745847,1.006858292412098,1.0,10.498655059115867,11,-4.926339678005134,4.5223944381272885,13161,1,0,1,0.0,2.29
3,14,3,1594323,1594323,0.9958485339684758,1.004323325811506,1.0,11.476230336971318,12,-4.539628105471727,4.727556774881878,39408,1,0,1,0.0,7.91
3,15,3,4782969,4782969,0.9971240318165,1.003989363092255,1.0,12.498847513918378,13,-5.2333820296356945,7.259420057732234,118143,1,0,1,0.0,28.53
3,16,3,14348907,14348907,0.9981725050168939,1.0016465597925566,1.0,13.495260852468824,14,-5.550381573099158,5.000853745753595,118146,1,0,1,0.0,97.13
4,2,2,4,1,1.0,1.0,1.0,0.0,,0.0,0.0,40,1,0,0,0.0,0.0
4,3,2,16,4,1.0,1.0,1.0,0.0,,0.0,0.0,80,1,0,0,0.0,0.0
4,4,2,64,4,0.8125,1.0625,1.0,12.0,2,-4.242640687119285,1.414213562373095,288,1,0,0,0.0,0.0
4,5,2,256,16,0.912109375,1.044921875,1.01171875,14.109375,3,-3.247595264191645,1.6598820239201741,448,1,0,0,0.0,0.0
4,6,2,1024,16,0.953125,1.0009765625,0.98828125,9.01171875,4,-3.0,0.0625,2048,1,0,1,0.0,0.0
4,7,2,4096,64,0.9715576171875,1.0177001953125,1.003662109375,9.357421875,5,-3.2562739922340684,2.0264366046091844,2304,1,0,1,0.0,0.0
4,8,2,16384,64,0.975830078125,1.02294921875,1.0,13.2509765625,6,-5.052072594490305,4.796917412950391,10240,1,0,1,0.0,0.03
4,9,2,65536,256,0.9947786331176758,1.0048112869262695,0.999908447265625,6.357437610626221,7,-2.020854970435077,1.8621394202456556,17408,1,0,1,0.0,0.18
4,10,2,262144,256,0.9952678680419922,1.0054922103881836,0.9994735717773438,10.468709707260132,8,-3.4264295393043445,3.976785110208327,49152,1,0,1,0.0,0.94
4,11,2,1048576,1024,0.9981468319892883,1.0016414523124695,0.9999992847442627,10.122064501047134,9,-2.5301920572916665,2.2411295572916665,77824,1,0,1,0.0,4.13
4,12,2,4194304,1024,0.9968411922454834,1.0008294582366943,0.9999148845672607,22.01031593978405,10,-8.183011078041183,2.1487429647901934,327680,1,0,1,0.0,21.24
4,13,2,16777216,4096,0.9995108097791672,1.0006913095712662,1.0000040233135223,12.44349722424522,11,-2.4165810378768073,3.41504292211821,344064,1,0,1,0.0,96.78
5,2,5,5,5,1.0,1.0,1.0,0.0,,0.0,0.0,20,1,0,0,0.0,0.0
5,3,5,25,25,0.96,1.04,1.0,0.8,,-1.0,1.0,65,1,0,0,0.0,0.0
5,4,5,125,125,0.96,1.032,1.0,1.6,2,-1.5811388300841895,1.2649110640673515,70,1,0,0,4.547473508864641e-13,0.0
5,5,5,625,625,0.928,1.056,1.0,2.699264,3,-5.196152422706632,4.041451884327381,275,1,0,0,3.637978807091713e-12,0.0
5,6,5,3125,3125,0.9805824,1.0182656,1.0,3.74929408,4,-2.7136920974937446,2.55269520311376,1280,1,0,0,1.4551915228366852e-11,0.0
5,7,5,15625,15625,0.9884672,1.0128384,1.0,4.44714573824,5,-3.2235155963636966,3.588441890291662,1285,1,0,1,1.7462298274040222e-10,0.01
5,8,5,78125,78125,0.993968128,1.008893952,1.0,5.5129874432,6,-3.4414503733164596,5.074393891425195,6290,1,0,1,6.984919309616089e-10,0.12
5,9,5,390625,390625,0.9961242624,1.0033053696,1.0,6.886282884546561,7,-4.577784748456397,3.9041008717647503,31295,1,0,1,3.725290298461914e-09,0.78
5,10,5,1953125,1953125,0.997714432,1.001783296,1.0,7.75389236953088,8,-5.646562989996658,4.405685236146587,31300,1,0,1,2.2351741790771484e-08,4.93
5,11,5,9765625,9765625,0.999070031872,1.000947154944,1.0,8.793333630592503,9,-4.843584,4.933098666666667,156305,1,0,1,8.940696716308594e-08,28.31
7,2,7,7,7,1.0,1.0,1.0,0.0,,0.0,0.0,28,1,0,0,0.0,0.0
7,3,7,49,49,0.9795918367346939,1.0204081632653061,1.0,0.8571428571428571,,-1.0,1.0,119,1,0,0,1.3642420526593924e-12,0.0
7,4,7,343,343,0.9795918367346939,1.0145772594752187,1.0,1.7142857142857142,2,-1.8708286933869707,1.3363062095621219,126,1,0,0,7.275957614183426e-12,0.0
7,5,7,2401,2401,0.9906586541322068,1.0108883203427144,1.0,2.657821145951092,3,-1.8498773931177805,2.156226515544929,721,1,0,0,5.820766091346741e-11,0.0
7,6,7,16807,16807,0.9903016600226097,1.0081768650817262,1.0,4.417153688392713,4,-4.400586364321717,3.710222684029353,4844,1,0,0,8.149072527885437e-10,0.01
7,7,7,117649,117649,0.9856607365978461,1.007794371392872,1.0,5.01778462721171,5,-15.396925216498552,8.369283001499213,4851,1,0,0,6.51925802230835e-09,0.13
7,8,7,823543,823543,0.9981963694100505,1.0016578691466167,1.0,5.87012680820782,6,-4.677493011366487,4.299478723787551,33670,1,0,0,3.725290298461914e-08,1.26
7,9,7,5764801,5764801,0.9992517149706097,1.000705509600241,1.0,6.844989064733486,7,-4.753442410240161,4.481713682485624,235361,1,0,1,3.5762786865234375e-07,11.23
7,10,7,40353607,40353607,0.9996795607998309,1.000332518134561,0.9999999999999972,7.836086030088975,8,-5.037787745339946,5.227686820184843,235368,1,0,1,3.337860107421875e-06,110.35
8,2,2,8,1,1.0,1.0,1.0,0.0,,0.0,0.0,144,1,0,0,0.0,0.0
8,3,2,64,8,1.0,1.0,1.0,0.0,,0.0,0.0,320,1,0,0,0.0,0.0
8,4,2,512,8,0.890625,0.984375,0.97265625,56.0,2,-14.0,-2.0,2176,1,0,0,0.0,0.0
8,5,2,4096,64,0.98333740234375,1.00433349609375,1.001708984375,13.4052734375,3,-4.9255194840239955,1.2809959097644823,3584,1,0,0,0.0,0.0
8,6,2,32768,64,0.998443603515625,1.01708984375,1.001708984375,79.093505859375,4,-1.1269514325160601,12.37436867076458,32768,1,0,0,0.0,0.05
8,7,2,262144,512,0.9992485046386719,1.0011978149414062,1.0002403259277344,9.852615356445312,5,-1.376579348648308,2.1941417029216685,36864,1,0,0,0.0,0.47
8,8,2,2097152,512,0.9963417053222656,1.00115966796875,1.0001068115234375,13.487091064453125,6,-17.302465879776598,5.484827557301445,327680,1,0,0,0.0,6.05
8,9,2,16777216,4096,0.9992794329300523,1.000180528499186,0.9999844580888748,10.503783694235608,7,-8.924323933735904,2.235870709612476,819200,1,0,0,0.0,58.09
9,2,3,9,9,1.0,1.0,1.0,0.0,,0.0,0.0,36,1,0,0,0.0,0.0
9,3,3,81,81,0.9012345679012346,1.0123456790123457,1.0,0.8888888888888888,,-8.0,1.0,189,1,0,0,0.0,0.0
9,4,3,729,729,0.9864349946654474,1.010973936899863,1.0,1.699740893156531,2,-2.3308334639112123,1.8856180831641267,198,1,0,0,0.0,0.0
9,5,3,6561,6561,0.9866382157191486,1.0069603210892648,1.0,2.7531033548408947,3,-5.623819288773022,2.929518032554768,1503,1,0,0,0.0,0.0
9,6,3,59049,59049,0.9888905823976697,1.0048603702010195,1.0,4.667822015990486,4,-12.148148148148149,5.314814814814815,13176,1,0,0,0.0,0.06
9,7,3,531441,531441,0.9986734645828192,1.001717598885174,1.0,4.797434357277824,5,-3.8922783026724734,5.039724372882242,13185,1,0,0,0.0,0.85
9,8,3,4782969,4782969,0.9993961883621493,1.0007348501385016,1.0,5.932898817266793,6,-4.85195927144851,5.904925839653505,118170,1,0,0,0.0,11.29
