q,d,z_lo,count
2,2,-6.0,0
2,2,-5.8,0
2,2,-5.6,0
2,2,-5.4,0
2,2,-5.2,0
2,2,-5.0,0
2,2,-4.8,0
2,2,-4.6,0
2,2,-4.4,0
2,2,-4.2,0
2,2,-4.0,0
2,2,-3.8,0
2,2,-3.6,0
2,2,-3.4,0
2,2,-3.2,0
2,2,-3.0,0
2,2,-2.8,0
2,2,-2.6,0
2,2,-2.4,0
2,2,-2.2,0
2,2,-2.0,0
2,2,-1.8,0
2,2,-1.6,0
2,2,-1.4,0
2,2,-1.2,0
2,2,-1.0,0
2,2,-0.8,0
2,2,-0.6,0
2,2,-0.4,0
2,2,-0.2,0
2,2,0.0,1
2,2,0.2,0
2,2,0.4,0
2,2,0.6,0
2,2,0.8,0
2,2,1.0,0
2,2,1.2,0
2,2,1.4,0
2,2,1.6,0
2,2,1.8,0
2,2,2.0,0
2,2,2.2,0
2,2,2.4,0
2,2,2.6,0
2,2,2.8,0
2,2,3.0,0
2,2,3.2,0
2,2,3.4,0
2,2,3.6,0
2,2,3.8,0
2,2,4.0,0
2,2,4.2,0
2,2,4.4,0
2,2,4.6,0
2,2,4.8,0
2,2,5.0,0
2,2,5.2,0
2,2,5.4,0
2,2,5.6,0
2,2,5.8,0
2,3,-6.0,0
2,3,-5.8,0
2,3,-5.6,0
2,3,-5.4,0
2,3,-5.2,0
2,3,-5.0,0
2,3,-4.8,0
2,3,-4.6,0
2,3,-4.4,0
2,3,-4.2,0
2,3,-4.0,0
2,3,-3.8,0
2,3,-3.6,0
2,3,-3.4,0
2,3,-3.2,0
2,3,-3.0,0
2,3,-2.8,0
2,3,-2.6,0
2,3,-2.4,0
2,3,-2.2,0
2,3,-2.0,0
2,3,-1.8,0
2,3,-1.6,0
2,3,-1.4,0
2,3,-1.2,0
2,3,-1.0,0
2,3,-0.8,0
2,3,-0.6,0
2,3,-0.4,0
2,3,-0.2,0
2,3,0.0,2
2,3,0.2,0
2,3,0.4,0
2,3,0.6,0
2,3,0.8,0
2,3,1.0,0
2,3,1.2,0
2,3,1.4,0
2,3,1.6,0
2,3,1.8,0
2,3,2.0,0
2,3,2.2,0
2,3,2.4,0
2,3,2.6,0
2,3,2.8,0
2,3,3.0,0
2,3,3.2,0
2,3,3.4,0
2,3,3.6,0
2,3,3.8,0
2,3,4.0,0
2,3,4.2,0
2,3,4.4,0
2,3,4.6,0
2,3,4.8,0
2,3,5.0,0
2,3,5.2,0
2,3,5.4,0
2,3,5.6,0
2,3,5.8,0
2,4,-6.0,0
2,4,-5.8,0
2,4,-5.6,0
2,4,-5.4,0
2,4,-5.2,0
2,4,-5.0,0
2,4,-4.8,0
2,4,-4.6,0
2,4,-4.4,0
2,4,-4.2,0
2,4,-4.0,0
2,4,-3.8,0
2,4,-3.6,0
2,4,-3.4,0
2,4,-3.2,0
2,4,-3.0,0
2,4,-2.8,0
2,4,-2.6,0
2,4,-2.4,0
2,4,-2.2,0
2,4,-2.0,0
2,4,-1.8,0
2,4,-1.6,0
2,4,-1.4,0
2,4,-1.2,0
2,4,-1.0,2
2,4,-0.8,0
2,4,-0.6,0
2,4,-0.4,0
2,4,-0.2,0
2,4,0.0,0
2,4,0.2,0
2,4,0.4,0
2,4,0.6,0
2,4,0.8,0
2,4,1.0,0
2,4,1.2,0
2,4,1.4,0
2,4,1.6,0
2,4,1.8,0
2,4,2.0,0
2,4,2.2,0
2,4,2.4,0
2,4,2.6,0
2,4,2.8,0
2,4,3.0,0
2,4,3.2,0
2,4,3.4,0
2,4,3.6,0
2,4,3.8,0
2,4,4.0,0
2,4,4.2,0
2,4,4.4,0
2,4,4.6,0
2,4,4.8,0
2,4,5.0,0
2,4,5.2,0
2,4,5.4,0
2,4,5.6,0
2,4,5.8,0
2,5,-6.0,0
2,5,-5.8,0
2,5,-5.6,0
2,5,-5.4,0
2,5,-5.2,0
2,5,-5.0,0
2,5,-4.8,0
2,5,-4.6,0
2,5,-4.4,0
2,5,-4.2,0
2,5,-4.0,0
2,5,-3.8,0
2,5,-3.6,0
2,5,-3.4,0
2,5,-3.2,0
2,5,-3.0,0
2,5,-2.8,0
2,5,-2.6,0
2,5,-2.4,0
2,5,-2.2,0
2,5,-2.0,0
2,5,-1.8,0
2,5,-1.6,0
2,5,-1.4,0
2,5,-1.2,0
2,5,-1.0,0
2,5,-0.8,0
2,5,-0.6,0
2,5,-0.4,2
2,5,-0.2,0
2,5,0.0,0
2,5,0.2,0
2,5,0.4,0
2,5,0.6,0
2,5,0.8,2
2,5,1.0,0
2,5,1.2,0
2,5,1.4,0
2,5,1.6,0
2,5,1.8,0
2,5,2.0,0
2,5,2.2,0
2,5,2.4,0
2,5,2.6,0
2,5,2.8,0
2,5,3.0,0
2,5,3.2,0
2,5,3.4,0
2,5,3.6,0
2,5,3.8,0
2,5,4.0,0
2,5,4.2,0
2,5,4.4,0
2,5,4.6,0
2,5,4.8,0
2,5,5.0,0
2,5,5.2,0
2,5,5.4,0
2,5,5.6,0
2,5,5.8,0
2,6,-6.0,0
2,6,-5.8,0
2,6,-5.6,0
2,6,-5.4,0
2,6,-5.2,0
2,6,-5.0,0
2,6,-4.8,0
2,6,-4.6,0
2,6,-4.4,0
2,6,-4.2,0
2,6,-4.0,0
2,6,-3.8,0
2,6,-3.6,0
2,6,-3.4,0
2,6,-3.2,1
2,6,-3.0,0
2,6,-2.8,0
2,6,-2.6,0
2,6,-2.4,0
2,6,-2.2,0
2,6,-2.0,0
2,6,-1.8,0
2,6,-1.6,0
2,6,-1.4,0
2,6,-1.2,0
2,6,-1.0,0
2,6,-0.8,0
2,6,-0.6,0
2,6,-0.4,0
2,6,-0.2,0
2,6,0.0,0
2,6,0.2,0
2,6,0.4,0
2,6,0.6,0
2,6,0.8,0
2,6,1.0,0
2,6,1.2,0
2,6,1.4,3
2,6,1.6,0
2,6,1.8,0
2,6,2.0,0
2,6,2.2,0
2,6,2.4,0
2,6,2.6,0
2,6,2.8,0
2,6,3.0,0
2,6,3.2,0
2,6,3.4,0
2,6,3.6,0
2,6,3.8,0
2,6,4.0,0
2,6,4.2,0
2,6,4.4,0
2,6,4.6,0
2,6,4.8,0
2,6,5.0,0
2,6,5.2,0
2,6,5.4,0
2,6,5.6,0
2,6,5.8,0
2,7,-6.0,0
2,7,-5.8,0
2,7,-5.6,0
2,7,-5.4,0
2,7,-5.2,0
2,7,-5.0,0
2,7,-4.8,0
2,7,-4.6,0
2,7,-4.4,0
2,7,-4.2,0
2,7,-4.0,0
2,7,-3.8,0
2,7,-3.6,0
2,7,-3.4,0
2,7,-3.2,0
2,7,-3.0,0
2,7,-2.8,0
2,7,-2.6,0
2,7,-2.4,0
2,7,-2.2,0
2,7,-2.0,0
2,7,-1.8,2
2,7,-1.6,0
2,7,-1.4,0
2,7,-1.2,0
2,7,-1.0,0
2,7,-0.8,0
2,7,-0.6,0
2,7,-0.4,0
2,7,-0.2,0
2,7,0.0,0
2,7,0.2,0
2,7,0.4,0
2,7,0.6,2
2,7,0.8,2
2,7,1.0,0
2,7,1.2,0
2,7,1.4,2
2,7,1.6,0
2,7,1.8,0
2,7,2.0,0
2,7,2.2,0
2,7,2.4,0
2,7,2.6,0
2,7,2.8,0
2,7,3.0,0
2,7,3.2,0
2,7,3.4,0
2,7,3.6,0
2,7,3.8,0
2,7,4.0,0
2,7,4.2,0
2,7,4.4,0
2,7,4.6,0
2,7,4.8,0
2,7,5.0,0
2,7,5.2,0
2,7,5.4,0
2,7,5.6,0
2,7,5.8,0
2,8,-6.0,0
2,8,-5.8,0
2,8,-5.6,0
2,8,-5.4,0
2,8,-5.2,0
2,8,-5.0,0
2,8,-4.8,0
2,8,-4.6,0
2,8,-4.4,0
2,8,-4.2,0
2,8,-4.0,0
2,8,-3.8,0
2,8,-3.6,0
2,8,-3.4,0
2,8,-3.2,0
2,8,-3.0,0
2,8,-2.8,0
2,8,-2.6,0
2,8,-2.4,0
2,8,-2.2,0
2,8,-2.0,0
2,8,-1.8,0
2,8,-1.6,0
2,8,-1.4,0
2,8,-1.2,0
2,8,-1.0,0
2,8,-0.8,2
2,8,-0.6,2
2,8,-0.4,1
2,8,-0.2,0
2,8,0.0,2
2,8,0.2,0
2,8,0.4,1
2,8,0.6,0
2,8,0.8,0
2,8,1.0,0
2,8,1.2,0
2,8,1.4,0
2,8,1.6,0
2,8,1.8,0
2,8,2.0,0
2,8,2.2,0
2,8,2.4,0
2,8,2.6,0
2,8,2.8,0
2,8,3.0,0
2,8,3.2,0
2,8,3.4,0
2,8,3.6,0
2,8,3.8,0
2,8,4.0,0
2,8,4.2,0
2,8,4.4,0
2,8,4.6,0
2,8,4.8,0
2,8,5.0,0
2,8,5.2,0
2,8,5.4,0
2,8,5.6,0
2,8,5.8,0
2,9,-6.0,0
2,9,-5.8,0
2,9,-5.6,0
2,9,-5.4,0
2,9,-5.2,0
2,9,-5.0,0
2,9,-4.8,0
2,9,-4.6,0
2,9,-4.4,0
2,9,-4.2,0
2,9,-4.0,0
2,9,-3.8,0
2,9,-3.6,0
2,9,-3.4,0
2,9,-3.2,0
2,9,-3.0,0
2,9,-2.8,0
2,9,-2.6,0
2,9,-2.4,0
2,9,-2.2,0
2,9,-2.0,0
2,9,-1.8,0
2,9,-1.6,2
2,9,-1.4,2
2,9,-1.2,0
2,9,-1.0,2
2,9,-0.8,0
2,9,-0.6,2
2,9,-0.4,0
2,9,-0.2,0
2,9,0.0,0
2,9,0.2,2
2,9,0.4,4
2,9,0.6,0
2,9,0.8,2
2,9,1.0,0
2,9,1.2,0
2,9,1.4,0
2,9,1.6,0
2,9,1.8,0
2,9,2.0,0
2,9,2.2,0
2,9,2.4,0
2,9,2.6,0
2,9,2.8,0
2,9,3.0,0
2,9,3.2,0
2,9,3.4,0
2,9,3.6,0
2,9,3.8,0
2,9,4.0,0
2,9,4.2,0
2,9,4.4,0
2,9,4.6,0
2,9,4.8,0
2,9,5.0,0
2,9,5.2,0
2,9,5.4,0
2,9,5.6,0
2,9,5.8,0
2,10,-6.0,0
2,10,-5.8,0
2,10,-5.6,0
2,10,-5.4,0
2,10,-5.2,0
2,10,-5.0,0
2,10,-4.8,0
2,10,-4.6,0
2,10,-4.4,0
2,10,-4.2,0
2,10,-4.0,0
2,10,-3.8,0
2,10,-3.6,0
2,10,-3.4,0
2,10,-3.2,0
2,10,-3.0,0
2,10,-2.8,0
2,10,-2.6,0
2,10,-2.4,0
2,10,-2.2,0
2,10,-2.0,0
2,10,-1.8,0
2,10,-1.6,0
2,10,-1.4,0
2,10,-1.2,1
2,10,-1.0,0
2,10,-0.8,2
2,10,-0.6,1
2,10,-0.4,0
2,10,-0.2,0
2,10,0.0,4
2,10,0.2,2
2,10,0.4,0
2,10,0.6,0
2,10,0.8,1
2,10,1.0,0
2,10,1.2,2
2,10,1.4,1
2,10,1.6,0
2,10,1.8,2
2,10,2.0,0
2,10,2.2,0
2,10,2.4,0
2,10,2.6,0
2,10,2.8,0
2,10,3.0,0
2,10,3.2,0
2,10,3.4,0
2,10,3.6,0
2,10,3.8,0
2,10,4.0,0
2,10,4.2,0
2,10,4.4,0
2,10,4.6,0
2,10,4.8,0
2,10,5.0,0
2,10,5.2,0
2,10,5.4,0
2,10,5.6,0
2,10,5.8,0
2,11,-6.0,0
2,11,-5.8,0
2,11,-5.6,0
2,11,-5.4,0
2,11,-5.2,0
2,11,-5.0,0
2,11,-4.8,0
2,11,-4.6,0
2,11,-4.4,0
2,11,-4.2,0
2,11,-4.0,0
2,11,-3.8,0
2,11,-3.6,0
2,11,-3.4,0
2,11,-3.2,0
2,11,-3.0,0
2,11,-2.8,0
2,11,-2.6,0
2,11,-2.4,0
2,11,-2.2,0
2,11,-2.0,0
2,11,-1.8,4
2,11,-1.6,2
2,11,-1.4,2
2,11,-1.2,2
2,11,-1.0,0
2,11,-0.8,2
2,11,-0.6,4
2,11,-0.4,0
2,11,-0.2,0
2,11,0.0,2
2,11,0.2,4
2,11,0.4,0
2,11,0.6,2
2,11,0.8,0
2,11,1.0,0
2,11,1.2,0
2,11,1.4,4
2,11,1.6,2
2,11,1.8,0
2,11,2.0,0
2,11,2.2,0
2,11,2.4,2
2,11,2.6,0
2,11,2.8,0
2,11,3.0,0
2,11,3.2,0
2,11,3.4,0
2,11,3.6,0
2,11,3.8,0
2,11,4.0,0
2,11,4.2,0
2,11,4.4,0
2,11,4.6,0
2,11,4.8,0
2,11,5.0,0
2,11,5.2,0
2,11,5.4,0
2,11,5.6,0
2,11,5.8,0
2,12,-6.0,0
2,12,-5.8,0
2,12,-5.6,0
2,12,-5.4,0
2,12,-5.2,0
2,12,-5.0,0
2,12,-4.8,0
2,12,-4.6,0
2,12,-4.4,0
2,12,-4.2,0
2,12,-4.0,0
2,12,-3.8,0
2,12,-3.6,1
2,12,-3.4,0
2,12,-3.2,0
2,12,-3.0,0
2,12,-2.8,1
2,12,-2.6,0
2,12,-2.4,0
2,12,-2.2,2
2,12,-2.0,0
2,12,-1.8,0
2,12,-1.6,0
2,12,-1.4,6
2,12,-1.2,0
2,12,-1.0,0
2,12,-0.8,5
2,12,-0.6,5
2,12,-0.4,2
2,12,-0.2,2
2,12,0.0,0
2,12,0.2,4
2,12,0.4,0
2,12,0.6,0
2,12,0.8,0
2,12,1.0,1
2,12,1.2,0
2,12,1.4,0
2,12,1.6,0
2,12,1.8,0
2,12,2.0,0
2,12,2.2,2
2,12,2.4,0
2,12,2.6,0
2,12,2.8,0
2,12,3.0,0
2,12,3.2,0
2,12,3.4,1
2,12,3.6,0
2,12,3.8,0
2,12,4.0,0
2,12,4.2,0
2,12,4.4,0
2,12,4.6,0
2,12,4.8,0
2,12,5.0,0
2,12,5.2,0
2,12,5.4,0
2,12,5.6,0
2,12,5.8,0
2,13,-6.0,0
2,13,-5.8,0
2,13,-5.6,0
2,13,-5.4,0
2,13,-5.2,0
2,13,-5.0,0
2,13,-4.8,0
2,13,-4.6,0
2,13,-4.4,0
2,13,-4.2,0
2,13,-4.0,0
2,13,-3.8,0
2,13,-3.6,0
2,13,-3.4,0
2,13,-3.2,0
2,13,-3.0,0
2,13,-2.8,0
2,13,-2.6,0
2,13,-2.4,0
2,13,-2.2,0
2,13,-2.0,2
2,13,-1.8,0
2,13,-1.6,0
2,13,-1.4,0
2,13,-1.2,4
2,13,-1.0,6
2,13,-0.8,6
2,13,-0.6,6
2,13,-0.4,2
2,13,-0.2,4
2,13,0.0,2
2,13,0.2,4
2,13,0.4,2
2,13,0.6,6
2,13,0.8,8
2,13,1.0,2
2,13,1.2,4
2,13,1.4,2
2,13,1.6,0
2,13,1.8,0
2,13,2.0,2
2,13,2.2,2
2,13,2.4,0
2,13,2.6,0
2,13,2.8,0
2,13,3.0,0
2,13,3.2,0
2,13,3.4,0
2,13,3.6,0
2,13,3.8,0
2,13,4.0,0
2,13,4.2,0
2,13,4.4,0
2,13,4.6,0
2,13,4.8,0
2,13,5.0,0
2,13,5.2,0
2,13,5.4,0
2,13,5.6,0
2,13,5.8,0
2,14,-6.0,0
2,14,-5.8,0
2,14,-5.6,0
2,14,-5.4,0
2,14,-5.2,0
2,14,-5.0,0
2,14,-4.8,0
2,14,-4.6,0
2,14,-4.4,0
2,14,-4.2,0
2,14,-4.0,0
2,14,-3.8,0
2,14,-3.6,0
2,14,-3.4,0
2,14,-3.2,0
2,14,-3.0,0
2,14,-2.8,0
2,14,-2.6,1
2,14,-2.4,0
2,14,-2.2,0
2,14,-2.0,3
2,14,-1.8,4
2,14,-1.6,2
2,14,-1.4,0
2,14,-1.2,2
2,14,-1.0,3
2,14,-0.8,6
2,14,-0.6,6
2,14,-0.4,4
2,14,-0.2,4
2,14,0.0,2
2,14,0.2,4
2,14,0.4,6
2,14,0.6,2
2,14,0.8,3
2,14,1.0,0
2,14,1.2,2
2,14,1.4,4
2,14,1.6,0
2,14,1.8,2
2,14,2.0,2
2,14,2.2,0
2,14,2.4,0
2,14,2.6,2
2,14,2.8,0
2,14,3.0,0
2,14,3.2,0
2,14,3.4,0
2,14,3.6,0
2,14,3.8,0
2,14,4.0,0
2,14,4.2,0
2,14,4.4,0
2,14,4.6,0
2,14,4.8,0
2,14,5.0,0
2,14,5.2,0
2,14,5.4,0
2,14,5.6,0
2,14,5.8,0
2,15,-6.0,0
2,15,-5.8,0
2,15,-5.6,0
2,15,-5.4,0
2,15,-5.2,0
2,15,-5.0,0
2,15,-4.8,0
2,15,-4.6,0
2,15,-4.4,0
2,15,-4.2,0
2,15,-4.0,0
2,15,-3.8,0
2,15,-3.6,0
2,15,-3.4,0
2,15,-3.2,0
2,15,-3.0,0
2,15,-2.8,0
2,15,-2.6,0
2,15,-2.4,2
2,15,-2.2,0
2,15,-2.0,0
2,15,-1.8,4
2,15,-1.6,2
2,15,-1.4,6
2,15,-1.2,2
2,15,-1.0,10
2,15,-0.8,8
2,15,-0.6,14
2,15,-0.4,10
2,15,-0.2,12
2,15,0.0,10
2,15,0.2,12
2,15,0.4,6
2,15,0.6,12
2,15,0.8,0
2,15,1.0,0
2,15,1.2,8
2,15,1.4,2
2,15,1.6,0
2,15,1.8,2
2,15,2.0,4
2,15,2.2,2
2,15,2.4,0
2,15,2.6,0
2,15,2.8,0
2,15,3.0,0
2,15,3.2,0
2,15,3.4,0
2,15,3.6,0
2,15,3.8,0
2,15,4.0,0
2,15,4.2,0
2,15,4.4,0
2,15,4.6,0
2,15,4.8,0
2,15,5.0,0
2,15,5.2,0
2,15,5.4,0
2,15,5.6,0
2,15,5.8,0
2,16,-6.0,0
2,16,-5.8,0
2,16,-5.6,0
2,16,-5.4,0
2,16,-5.2,0
2,16,-5.0,0
2,16,-4.8,0
2,16,-4.6,0
2,16,-4.4,0
2,16,-4.2,0
2,16,-4.0,0
2,16,-3.8,0
2,16,-3.6,0
2,16,-3.4,0
2,16,-3.2,1
2,16,-3.0,0
2,16,-2.8,0
2,16,-2.6,2
2,16,-2.4,4
2,16,-2.2,0
2,16,-2.0,3
2,16,-1.8,1
2,16,-1.6,4
2,16,-1.4,9
2,16,-1.2,2
2,16,-1.0,10
2,16,-0.8,0
2,16,-0.6,16
2,16,-0.4,6
2,16,-0.2,7
2,16,0.0,14
2,16,0.2,6
2,16,0.4,11
2,16,0.6,6
2,16,0.8,12
2,16,1.0,6
2,16,1.2,1
2,16,1.4,4
2,16,1.6,3
2,16,1.8,0
2,16,2.0,0
2,16,2.2,0
2,16,2.4,0
2,16,2.6,0
2,16,2.8,0
2,16,3.0,0
2,16,3.2,0
2,16,3.4,0
2,16,3.6,0
2,16,3.8,0
2,16,4.0,0
2,16,4.2,0
2,16,4.4,0
2,16,4.6,0
2,16,4.8,0
2,16,5.0,0
2,16,5.2,0
2,16,5.4,0
2,16,5.6,0
2,16,5.8,0
2,17,-6.0,0
2,17,-5.8,0
2,17,-5.6,0
2,17,-5.4,0
2,17,-5.2,0
2,17,-5.0,0
2,17,-4.8,0
2,17,-4.6,0
2,17,-4.4,0
2,17,-4.2,0
2,17,-4.0,0
2,17,-3.8,0
2,17,-3.6,0
2,17,-3.4,0
2,17,-3.2,0
2,17,-3.0,0
2,17,-2.8,0
2,17,-2.6,0
2,17,-2.4,0
2,17,-2.2,0
2,17,-2.0,6
2,17,-1.8,8
2,17,-1.6,4
2,17,-1.4,8
2,17,-1.2,6
2,17,-1.0,24
2,17,-0.8,20
2,17,-0.6,16
2,17,-0.4,14
2,17,-0.2,24
2,17,0.0,18
2,17,0.2,20
2,17,0.4,20
2,17,0.6,16
2,17,0.8,12
2,17,1.0,8
2,17,1.2,10
2,17,1.4,8
2,17,1.6,4
2,17,1.8,4
2,17,2.0,4
2,17,2.2,0
2,17,2.4,0
2,17,2.6,0
2,17,2.8,2
2,17,3.0,0
2,17,3.2,0
2,17,3.4,0
2,17,3.6,0
2,17,3.8,0
2,17,4.0,0
2,17,4.2,0
2,17,4.4,0
2,17,4.6,0
2,17,4.8,0
2,17,5.0,0
2,17,5.2,0
2,17,5.4,0
2,17,5.6,0
2,17,5.8,0
2,18,-6.0,0
2,18,-5.8,0
2,18,-5.6,0
2,18,-5.4,0
2,18,-5.2,0
2,18,-5.0,0
2,18,-4.8,0
2,18,-4.6,0
2,18,-4.4,0
2,18,-4.2,0
2,18,-4.0,0
2,18,-3.8,0
2,18,-3.6,0
2,18,-3.4,0
2,18,-3.2,0
2,18,-3.0,0
2,18,-2.8,1
2,18,-2.6,2
2,18,-2.4,2
2,18,-2.2,2
2,18,-2.0,6
2,18,-1.8,4
2,18,-1.6,8
2,18,-1.4,19
2,18,-1.2,9
2,18,-1.0,6
2,18,-0.8,21
2,18,-0.6,18
2,18,-0.4,17
2,18,-0.2,19
2,18,0.0,24
2,18,0.2,15
2,18,0.4,8
2,18,0.6,18
2,18,0.8,13
2,18,1.0,10
2,18,1.2,6
2,18,1.4,8
2,18,1.6,4
2,18,1.8,8
2,18,2.0,0
2,18,2.2,4
2,18,2.4,2
2,18,2.6,0
2,18,2.8,0
2,18,3.0,0
2,18,3.2,2
2,18,3.4,0
2,18,3.6,0
2,18,3.8,0
2,18,4.0,0
2,18,4.2,0
2,18,4.4,0
2,18,4.6,0
2,18,4.8,0
2,18,5.0,0
2,18,5.2,0
2,18,5.4,0
2,18,5.6,0
2,18,5.8,0
2,19,-6.0,0
2,19,-5.8,0
2,19,-5.6,0
2,19,-5.4,0
2,19,-5.2,0
2,19,-5.0,0
2,19,-4.8,0
2,19,-4.6,0
2,19,-4.4,0
2,19,-4.2,0
2,19,-4.0,0
2,19,-3.8,0
2,19,-3.6,0
2,19,-3.4,0
2,19,-3.2,0
2,19,-3.0,0
2,19,-2.8,0
2,19,-2.6,6
2,19,-2.4,0
2,19,-2.2,12
2,19,-2.0,6
2,19,-1.8,2
2,19,-1.6,14
2,19,-1.4,20
2,19,-1.2,16
2,19,-1.0,18
2,19,-0.8,22
2,19,-0.6,36
2,19,-0.4,22
2,19,-0.2,48
2,19,0.0,46
2,19,0.2,46
2,19,0.4,40
2,19,0.6,40
2,19,0.8,30
2,19,1.0,20
2,19,1.2,22
2,19,1.4,16
2,19,1.6,10
2,19,1.8,6
2,19,2.0,2
2,19,2.2,6
2,19,2.4,0
2,19,2.6,2
2,19,2.8,4
2,19,3.0,0
2,19,3.2,0
2,19,3.4,0
2,19,3.6,0
2,19,3.8,0
2,19,4.0,0
2,19,4.2,0
2,19,4.4,0
2,19,4.6,0
2,19,4.8,0
2,19,5.0,0
2,19,5.2,0
2,19,5.4,0
2,19,5.6,0
2,19,5.8,0
2,20,-6.0,0
2,20,-5.8,0
2,20,-5.6,0
2,20,-5.4,0
2,20,-5.2,0
2,20,-5.0,0
2,20,-4.8,0
2,20,-4.6,0
2,20,-4.4,0
2,20,-4.2,0
2,20,-4.0,0
2,20,-3.8,0
2,20,-3.6,2
2,20,-3.4,0
2,20,-3.2,3
2,20,-3.0,0
2,20,-2.8,3
2,20,-2.6,2
2,20,-2.4,4
2,20,-2.2,6
2,20,-2.0,5
2,20,-1.8,10
2,20,-1.6,16
2,20,-1.4,4
2,20,-1.2,27
2,20,-1.0,22
2,20,-0.8,24
2,20,-0.6,39
2,20,-0.4,48
2,20,-0.2,50
2,20,0.0,37
2,20,0.2,29
2,20,0.4,30
2,20,0.6,34
2,20,0.8,42
2,20,1.0,22
2,20,1.2,17
2,20,1.4,14
2,20,1.6,4
2,20,1.8,6
2,20,2.0,4
2,20,2.2,2
2,20,2.4,4
2,20,2.6,0
2,20,2.8,2
2,20,3.0,0
2,20,3.2,0
2,20,3.4,0
2,20,3.6,0
2,20,3.8,0
2,20,4.0,0
2,20,4.2,0
2,20,4.4,0
2,20,4.6,0
2,20,4.8,0
2,20,5.0,0
2,20,5.2,0
2,20,5.4,0
2,20,5.6,0
2,20,5.8,0
2,21,-6.0,0
2,21,-5.8,0
2,21,-5.6,0
2,21,-5.4,0
2,21,-5.2,0
2,21,-5.0,0
2,21,-4.8,0
2,21,-4.6,0
2,21,-4.4,0
2,21,-4.2,0
2,21,-4.0,0
2,21,-3.8,0
2,21,-3.6,0
2,21,-3.4,0
2,21,-3.2,0
2,21,-3.0,2
2,21,-2.8,2
2,21,-2.6,4
2,21,-2.4,2
2,21,-2.2,12
2,21,-2.0,10
2,21,-1.8,16
2,21,-1.6,20
2,21,-1.4,46
2,21,-1.2,26
2,21,-1.0,54
2,21,-0.8,76
2,21,-0.6,68
2,21,-0.4,68
2,21,-0.2,74
2,21,0.0,78
2,21,0.2,76
2,21,0.4,84
2,21,0.6,82
2,21,0.8,66
2,21,1.0,48
2,21,1.2,48
2,21,1.4,14
2,21,1.6,20
2,21,1.8,12
2,21,2.0,4
2,21,2.2,4
2,21,2.4,6
2,21,2.6,0
2,21,2.8,0
2,21,3.0,0
2,21,3.2,2
2,21,3.4,0
2,21,3.6,0
2,21,3.8,0
2,21,4.0,0
2,21,4.2,0
2,21,4.4,0
2,21,4.6,0
2,21,4.8,0
2,21,5.0,0
2,21,5.2,0
2,21,5.4,0
2,21,5.6,0
2,21,5.8,0
2,22,-6.0,0
2,22,-5.8,0
2,22,-5.6,0
2,22,-5.4,0
2,22,-5.2,0
2,22,-5.0,0
2,22,-4.8,0
2,22,-4.6,0
2,22,-4.4,0
2,22,-4.2,0
2,22,-4.0,1
2,22,-3.8,0
2,22,-3.6,0
2,22,-3.4,1
2,22,-3.2,1
2,22,-3.0,0
2,22,-2.8,3
2,22,-2.6,0
2,22,-2.4,1
2,22,-2.2,20
2,22,-2.0,10
2,22,-1.8,15
2,22,-1.6,31
2,22,-1.4,40
2,22,-1.2,44
2,22,-1.0,62
2,22,-0.8,71
2,22,-0.6,63
2,22,-0.4,65
2,22,-0.2,78
2,22,0.0,72
2,22,0.2,80
2,22,0.4,72
2,22,0.6,79
2,22,0.8,54
2,22,1.0,37
2,22,1.2,23
2,22,1.4,27
2,22,1.6,13
2,22,1.8,14
2,22,2.0,12
2,22,2.2,11
2,22,2.4,6
2,22,2.6,8
2,22,2.8,4
2,22,3.0,6
2,22,3.2,0
2,22,3.4,0
2,22,3.6,0
2,22,3.8,0
2,22,4.0,0
2,22,4.2,0
2,22,4.4,0
2,22,4.6,0
2,22,4.8,0
2,22,5.0,0
2,22,5.2,0
2,22,5.4,0
2,22,5.6,0
2,22,5.8,0
2,23,-6.0,0
2,23,-5.8,0
2,23,-5.6,0
2,23,-5.4,0
2,23,-5.2,0
2,23,-5.0,0
2,23,-4.8,0
2,23,-4.6,0
2,23,-4.4,0
2,23,-4.2,0
2,23,-4.0,0
2,23,-3.8,0
2,23,-3.6,2
2,23,-3.4,0
2,23,-3.2,0
2,23,-3.0,0
2,23,-2.8,0
2,23,-2.6,2
2,23,-2.4,6
2,23,-2.2,12
2,23,-2.0,22
2,23,-1.8,32
2,23,-1.6,36
2,23,-1.4,68
2,23,-1.2,92
2,23,-1.0,98
2,23,-0.8,116
2,23,-0.6,130
2,23,-0.4,200
2,23,-0.2,164
2,23,0.0,174
2,23,0.2,196
2,23,0.4,126
2,23,0.6,128
2,23,0.8,114
2,23,1.0,78
2,23,1.2,82
2,23,1.4,68
2,23,1.6,34
2,23,1.8,22
2,23,2.0,16
2,23,2.2,14
2,23,2.4,12
2,23,2.6,4
2,23,2.8,0
2,23,3.0,0
2,23,3.2,0
2,23,3.4,0
2,23,3.6,0
2,23,3.8,0
2,23,4.0,0
2,23,4.2,0
2,23,4.4,0
2,23,4.6,0
2,23,4.8,0
2,23,5.0,0
2,23,5.2,0
2,23,5.4,0
2,23,5.6,0
2,23,5.8,0
2,24,-6.0,0
2,24,-5.8,0
2,24,-5.6,0
2,24,-5.4,0
2,24,-5.2,0
2,24,-5.0,0
2,24,-4.8,0
2,24,-4.6,1
2,24,-4.4,0
2,24,-4.2,0
2,24,-4.0,0
2,24,-3.8,3
2,24,-3.6,4
2,24,-3.4,5
2,24,-3.2,7
2,24,-3.0,5
2,24,-2.8,11
2,24,-2.6,9
2,24,-2.4,9
2,24,-2.2,28
2,24,-2.0,13
2,24,-1.8,45
2,24,-1.6,56
2,24,-1.4,57
2,24,-1.2,105
2,24,-1.0,103
2,24,-0.8,120
2,24,-0.6,173
2,24,-0.4,145
2,24,-0.2,174
2,24,0.0,192
2,24,0.2,148
2,24,0.4,146
2,24,0.6,125
2,24,0.8,101
2,24,1.0,62
2,24,1.2,72
2,24,1.4,41
2,24,1.6,28
2,24,1.8,18
2,24,2.0,19
2,24,2.2,10
2,24,2.4,7
2,24,2.6,2
2,24,2.8,3
2,24,3.0,0
2,24,3.2,1
2,24,3.4,0
2,24,3.6,0
2,24,3.8,0
2,24,4.0,0
2,24,4.2,0
2,24,4.4,0
2,24,4.6,0
2,24,4.8,0
2,24,5.0,0
2,24,5.2,0
2,24,5.4,0
2,24,5.6,0
2,24,5.8,0
2,25,-6.0,0
2,25,-5.8,0
2,25,-5.6,0
2,25,-5.4,0
2,25,-5.2,0
2,25,-5.0,0
2,25,-4.8,0
2,25,-4.6,0
2,25,-4.4,0
2,25,-4.2,0
2,25,-4.0,0
2,25,-3.8,0
2,25,-3.6,0
2,25,-3.4,0
2,25,-3.2,0
2,25,-3.0,6
2,25,-2.8,8
2,25,-2.6,8
2,25,-2.4,28
2,25,-2.2,30
2,25,-2.0,52
2,25,-1.8,76
2,25,-1.6,102
2,25,-1.4,120
2,25,-1.2,188
2,25,-1.0,200
2,25,-0.8,232
2,25,-0.6,294
2,25,-0.4,292
2,25,-0.2,342
2,25,0.0,336
2,25,0.2,294
2,25,0.4,310
2,25,0.6,282
2,25,0.8,208
2,25,1.0,176
2,25,1.2,148
2,25,1.4,112
2,25,1.6,92
2,25,1.8,56
2,25,2.0,46
2,25,2.2,18
2,25,2.4,10
2,25,2.6,8
2,25,2.8,10
2,25,3.0,4
2,25,3.2,6
2,25,3.4,0
2,25,3.6,2
2,25,3.8,0
2,25,4.0,0
2,25,4.2,0
2,25,4.4,0
2,25,4.6,0
2,25,4.8,0
2,25,5.0,0
2,25,5.2,0
2,25,5.4,0
2,25,5.6,0
2,25,5.8,0
3,2,-6.0,0
3,2,-5.8,0
3,2,-5.6,0
3,2,-5.4,0
3,2,-5.2,0
3,2,-5.0,0
3,2,-4.8,0
3,2,-4.6,0
3,2,-4.4,0
3,2,-4.2,0
3,2,-4.0,0
3,2,-3.8,0
3,2,-3.6,0
3,2,-3.4,0
3,2,-3.2,0
3,2,-3.0,0
3,2,-2.8,0
3,2,-2.6,0
3,2,-2.4,0
3,2,-2.2,0
3,2,-2.0,0
3,2,-1.8,0
3,2,-1.6,0
3,2,-1.4,0
3,2,-1.2,0
3,2,-1.0,0
3,2,-0.8,0
3,2,-0.6,0
3,2,-0.4,0
3,2,-0.2,0
3,2,0.0,3
3,2,0.2,0
3,2,0.4,0
3,2,0.6,0
3,2,0.8,0
3,2,1.0,0
3,2,1.2,0
3,2,1.4,0
3,2,1.6,0
3,2,1.8,0
3,2,2.0,0
3,2,2.2,0
3,2,2.4,0
3,2,2.6,0
3,2,2.8,0
3,2,3.0,0
3,2,3.2,0
3,2,3.4,0
3,2,3.6,0
3,2,3.8,0
3,2,4.0,0
3,2,4.2,0
3,2,4.4,0
3,2,4.6,0
3,2,4.8,0
3,2,5.0,0
3,2,5.2,0
3,2,5.4,0
3,2,5.6,0
3,2,5.8,0
3,3,-6.0,0
3,3,-5.8,0
3,3,-5.6,0
3,3,-5.4,0
3,3,-5.2,0
3,3,-5.0,0
3,3,-4.8,0
3,3,-4.6,0
3,3,-4.4,0
3,3,-4.2,0
3,3,-4.0,0
3,3,-3.8,0
3,3,-3.6,0
3,3,-3.4,0
3,3,-3.2,0
3,3,-3.0,0
3,3,-2.8,0
3,3,-2.6,0
3,3,-2.4,0
3,3,-2.2,0
3,3,-2.0,0
3,3,-1.8,0
3,3,-1.6,0
3,3,-1.4,0
3,3,-1.2,0
3,3,-1.0,2
3,3,-0.8,0
3,3,-0.6,0
3,3,-0.4,0
3,3,-0.2,0
3,3,0.0,6
3,3,0.2,0
3,3,0.4,0
3,3,0.6,0
3,3,0.8,0
3,3,1.0,0
3,3,1.2,0
3,3,1.4,0
3,3,1.6,0
3,3,1.8,0
3,3,2.0,1
3,3,2.2,0
3,3,2.4,0
3,3,2.6,0
3,3,2.8,0
3,3,3.0,0
3,3,3.2,0
3,3,3.4,0
3,3,3.6,0
3,3,3.8,0
3,3,4.0,0
3,3,4.2,0
3,3,4.4,0
3,3,4.6,0
3,3,4.8,0
3,3,5.0,0
3,3,5.2,0
3,3,5.4,0
3,3,5.6,0
3,3,5.8,0
3,4,-6.0,0
3,4,-5.8,0
3,4,-5.6,0
3,4,-5.4,0
3,4,-5.2,0
3,4,-5.0,0
3,4,-4.8,0
3,4,-4.6,0
3,4,-4.4,0
3,4,-4.2,0
3,4,-4.0,0
3,4,-3.8,0
3,4,-3.6,0
3,4,-3.4,0
3,4,-3.2,0
3,4,-3.0,0
3,4,-2.8,0
3,4,-2.6,0
3,4,-2.4,0
3,4,-2.2,0
3,4,-2.0,0
3,4,-1.8,0
3,4,-1.6,0
3,4,-1.4,0
3,4,-1.2,0
3,4,-1.0,6
3,4,-0.8,6
3,4,-0.6,0
3,4,-0.4,0
3,4,-0.2,6
3,4,0.0,0
3,4,0.2,0
3,4,0.4,6
3,4,0.6,0
3,4,0.8,0
3,4,1.0,0
3,4,1.2,0
3,4,1.4,0
3,4,1.6,0
3,4,1.8,0
3,4,2.0,0
3,4,2.2,0
3,4,2.4,3
3,4,2.6,0
3,4,2.8,0
3,4,3.0,0
3,4,3.2,0
3,4,3.4,0
3,4,3.6,0
3,4,3.8,0
3,4,4.0,0
3,4,4.2,0
3,4,4.4,0
3,4,4.6,0
3,4,4.8,0
3,4,5.0,0
3,4,5.2,0
3,4,5.4,0
3,4,5.6,0
3,4,5.8,0
3,5,-6.0,0
3,5,-5.8,0
3,5,-5.6,0
3,5,-5.4,0
3,5,-5.2,0
3,5,-5.0,0
3,5,-4.8,0
3,5,-4.6,0
3,5,-4.4,0
3,5,-4.2,0
3,5,-4.0,0
3,5,-3.8,0
3,5,-3.6,0
3,5,-3.4,0
3,5,-3.2,0
3,5,-3.0,0
3,5,-2.8,0
3,5,-2.6,0
3,5,-2.4,0
3,5,-2.2,3
3,5,-2.0,0
3,5,-1.8,0
3,5,-1.6,0
3,5,-1.4,0
3,5,-1.2,3
3,5,-1.0,6
3,5,-0.8,0
3,5,-0.6,12
3,5,-0.4,0
3,5,-0.2,18
3,5,0.0,15
3,5,0.2,0
3,5,0.4,6
3,5,0.6,6
3,5,0.8,0
3,5,1.0,6
3,5,1.2,0
3,5,1.4,6
3,5,1.6,0
3,5,1.8,0
3,5,2.0,0
3,5,2.2,0
3,5,2.4,0
3,5,2.6,0
3,5,2.8,0
3,5,3.0,0
3,5,3.2,0
3,5,3.4,0
3,5,3.6,0
3,5,3.8,0
3,5,4.0,0
3,5,4.2,0
3,5,4.4,0
3,5,4.6,0
3,5,4.8,0
3,5,5.0,0
3,5,5.2,0
3,5,5.4,0
3,5,5.6,0
3,5,5.8,0
3,6,-6.0,0
3,6,-5.8,0
3,6,-5.6,0
3,6,-5.4,0
3,6,-5.2,0
3,6,-5.0,0
3,6,-4.8,0
3,6,-4.6,0
3,6,-4.4,0
3,6,-4.2,0
3,6,-4.0,0
3,6,-3.8,0
3,6,-3.6,0
3,6,-3.4,0
3,6,-3.2,3
3,6,-3.0,0
3,6,-2.8,0
3,6,-2.6,0
3,6,-2.4,6
3,6,-2.2,9
3,6,-2.0,0
3,6,-1.8,9
3,6,-1.6,0
3,6,-1.4,18
3,6,-1.2,6
3,6,-1.0,6
3,6,-0.8,9
3,6,-0.6,9
3,6,-0.4,17
3,6,-0.2,6
3,6,0.0,36
3,6,0.2,21
3,6,0.4,14
3,6,0.6,6
3,6,0.8,22
3,6,1.0,12
3,6,1.2,12
3,6,1.4,6
3,6,1.6,12
3,6,1.8,0
3,6,2.0,1
3,6,2.2,0
3,6,2.4,0
3,6,2.6,3
3,6,2.8,0
3,6,3.0,0
3,6,3.2,0
3,6,3.4,0
3,6,3.6,0
3,6,3.8,0
3,6,4.0,0
3,6,4.2,0
3,6,4.4,0
3,6,4.6,0
3,6,4.8,0
3,6,5.0,0
3,6,5.2,0
3,6,5.4,0
3,6,5.6,0
3,6,5.8,0
3,7,-6.0,0
3,7,-5.8,0
3,7,-5.6,0
3,7,-5.4,0
3,7,-5.2,0
3,7,-5.0,0
3,7,-4.8,0
3,7,-4.6,0
3,7,-4.4,0
3,7,-4.2,0
3,7,-4.0,0
3,7,-3.8,0
3,7,-3.6,0
3,7,-3.4,0
3,7,-3.2,0
3,7,-3.0,0
3,7,-2.8,0
3,7,-2.6,0
3,7,-2.4,0
3,7,-2.2,15
3,7,-2.0,0
3,7,-1.8,6
3,7,-1.6,33
3,7,-1.4,24
3,7,-1.2,33
3,7,-1.0,12
3,7,-0.8,75
3,7,-0.6,48
3,7,-0.4,102
3,7,-0.2,21
3,7,0.0,66
3,7,0.2,60
3,7,0.4,18
3,7,0.6,78
3,7,0.8,42
3,7,1.0,24
3,7,1.2,6
3,7,1.4,27
3,7,1.6,21
3,7,1.8,9
3,7,2.0,3
3,7,2.2,0
3,7,2.4,0
3,7,2.6,3
3,7,2.8,0
3,7,3.0,0
3,7,3.2,0
3,7,3.4,3
3,7,3.6,0
3,7,3.8,0
3,7,4.0,0
3,7,4.2,0
3,7,4.4,0
3,7,4.6,0
3,7,4.8,0
3,7,5.0,0
3,7,5.2,0
3,7,5.4,0
3,7,5.6,0
3,7,5.8,0
3,8,-6.0,0
3,8,-5.8,0
3,8,-5.6,0
3,8,-5.4,0
3,8,-5.2,0
3,8,-5.0,0
3,8,-4.8,0
3,8,-4.6,0
3,8,-4.4,0
3,8,-4.2,0
3,8,-4.0,0
3,8,-3.8,0
3,8,-3.6,0
3,8,-3.4,0
3,8,-3.2,6
3,8,-3.0,0
3,8,-2.8,0
3,8,-2.6,0
3,8,-2.4,6
3,8,-2.2,24
3,8,-2.0,21
3,8,-1.8,33
3,8,-1.6,66
3,8,-1.4,84
3,8,-1.2,81
3,8,-1.0,147
3,8,-0.8,102
3,8,-0.6,156
3,8,-0.4,225
3,8,-0.2,165
3,8,0.0,240
3,8,0.2,123
3,8,0.4,168
3,8,0.6,90
3,8,0.8,78
3,8,1.0,117
3,8,1.2,72
3,8,1.4,78
3,8,1.6,27
3,8,1.8,36
3,8,2.0,18
3,8,2.2,6
3,8,2.4,12
3,8,2.6,6
3,8,2.8,0
3,8,3.0,0
3,8,3.2,0
3,8,3.4,0
3,8,3.6,0
3,8,3.8,0
3,8,4.0,0
3,8,4.2,0
3,8,4.4,0
3,8,4.6,0
3,8,4.8,0
3,8,5.0,0
3,8,5.2,0
3,8,5.4,0
3,8,5.6,0
3,8,5.8,0
3,9,-6.0,0
3,9,-5.8,0
3,9,-5.6,0
3,9,-5.4,0
3,9,-5.2,0
3,9,-5.0,0
3,9,-4.8,0
3,9,-4.6,1
3,9,-4.4,0
3,9,-4.2,0
3,9,-4.0,0
3,9,-3.8,0
3,9,-3.6,0
3,9,-3.4,0
3,9,-3.2,0
3,9,-3.0,0
3,9,-2.8,14
3,9,-2.6,12
3,9,-2.4,60
3,9,-2.2,72
3,9,-2.0,108
3,9,-1.8,108
3,9,-1.6,156
3,9,-1.4,188
3,9,-1.2,258
3,9,-1.0,324
3,9,-0.8,480
3,9,-0.6,471
3,9,-0.4,486
3,9,-0.2,465
3,9,0.0,547
3,9,0.2,573
3,9,0.4,459
3,9,0.6,523
3,9,0.8,271
3,9,1.0,259
3,9,1.2,237
3,9,1.4,162
3,9,1.6,91
3,9,1.8,109
3,9,2.0,69
3,9,2.2,30
3,9,2.4,11
3,9,2.6,7
3,9,2.8,3
3,9,3.0,7
3,9,3.2,0
3,9,3.4,0
3,9,3.6,0
3,9,3.8,0
3,9,4.0,0
3,9,4.2,0
3,9,4.4,0
3,9,4.6,0
3,9,4.8,0
3,9,5.0,0
3,9,5.2,0
3,9,5.4,0
3,9,5.6,0
3,9,5.8,0
3,10,-6.0,0
3,10,-5.8,0
3,10,-5.6,0
3,10,-5.4,0
3,10,-5.2,0
3,10,-5.0,0
3,10,-4.8,0
3,10,-4.6,0
3,10,-4.4,6
3,10,-4.2,0
3,10,-4.0,0
3,10,-3.8,0
3,10,-3.6,0
3,10,-3.4,0
3,10,-3.2,12
3,10,-3.0,6
3,10,-2.8,42
3,10,-2.6,72
3,10,-2.4,96
3,10,-2.2,177
3,10,-2.0,297
3,10,-1.8,384
3,10,-1.6,468
3,10,-1.4,651
3,10,-1.2,867
3,10,-1.0,1035
3,10,-0.8,1278
3,10,-0.6,1380
3,10,-0.4,1563
3,10,-0.2,1551
3,10,0.0,1578
3,10,0.2,1482
3,10,0.4,1377
3,10,0.6,1191
3,10,0.8,1083
3,10,1.0,903
3,10,1.2,681
3,10,1.4,414
3,10,1.6,375
3,10,1.8,264
3,10,2.0,171
3,10,2.2,114
3,10,2.4,63
3,10,2.6,48
3,10,2.8,12
3,10,3.0,24
3,10,3.2,3
3,10,3.4,6
3,10,3.6,6
3,10,3.8,0
3,10,4.0,3
3,10,4.2,0
3,10,4.4,0
3,10,4.6,0
3,10,4.8,0
3,10,5.0,0
3,10,5.2,0
3,10,5.4,0
3,10,5.6,0
3,10,5.8,0
3,11,-6.0,0
3,11,-5.8,0
3,11,-5.6,0
3,11,-5.4,0
3,11,-5.2,0
3,11,-5.0,0
3,11,-4.8,0
3,11,-4.6,0
3,11,-4.4,0
3,11,-4.2,6
3,11,-4.0,0
3,11,-3.8,6
3,11,-3.6,12
3,11,-3.4,15
3,11,-3.2,36
3,11,-3.0,81
3,11,-2.8,81
3,11,-2.6,174
3,11,-2.4,333
3,11,-2.2,516
3,11,-2.0,660
3,11,-1.8,1098
3,11,-1.6,1578
3,11,-1.4,2052
3,11,-1.2,2337
3,11,-1.0,3063
3,11,-0.8,3678
3,11,-0.6,4467
3,11,-0.4,4731
3,11,-0.2,4665
3,11,0.0,4872
3,11,0.2,4479
3,11,0.4,4290
3,11,0.6,3519
3,11,0.8,3198
3,11,1.0,2514
3,11,1.2,1914
3,11,1.4,1629
3,11,1.6,1083
3,11,1.8,738
3,11,2.0,492
3,11,2.2,336
3,11,2.4,180
3,11,2.6,114
3,11,2.8,45
3,11,3.0,21
3,11,3.2,9
3,11,3.4,15
3,11,3.6,3
3,11,3.8,6
3,11,4.0,0
3,11,4.2,3
3,11,4.4,0
3,11,4.6,0
3,11,4.8,0
3,11,5.0,0
3,11,5.2,0
3,11,5.4,0
3,11,5.6,0
3,11,5.8,0
3,12,-6.0,0
3,12,-5.8,0
3,12,-5.6,0
3,12,-5.4,0
3,12,-5.2,0
3,12,-5.0,3
3,12,-4.8,0
3,12,-4.6,0
3,12,-4.4,0
3,12,-4.2,0
3,12,-4.0,2
3,12,-3.8,33
3,12,-3.6,42
3,12,-3.4,51
3,12,-3.2,123
3,12,-3.0,201
3,12,-2.8,327
3,12,-2.6,521
3,12,-2.4,974
3,12,-2.2,1549
3,12,-2.0,2262
3,12,-1.8,3132
3,12,-1.6,4578
3,12,-1.4,5724
3,12,-1.2,7572
3,12,-1.0,10057
3,12,-0.8,11214
3,12,-0.6,12489
3,12,-0.4,13270
3,12,-0.2,14121
3,12,0.0,13981
3,12,0.2,14042
3,12,0.4,12829
3,12,0.6,11386
3,12,0.8,9454
3,12,1.0,7751
3,12,1.2,5912
3,12,1.4,4196
3,12,1.6,3256
3,12,1.8,2273
3,12,2.0,1497
3,12,2.2,1002
3,12,2.4,603
3,12,2.6,332
3,12,2.8,202
3,12,3.0,82
3,12,3.2,68
3,12,3.4,18
3,12,3.6,12
3,12,3.8,0
3,12,4.0,0
3,12,4.2,6
3,12,4.4,0
3,12,4.6,0
3,12,4.8,0
3,12,5.0,0
3,12,5.2,0
3,12,5.4,0
3,12,5.6,0
3,12,5.8,0
3,13,-6.0,0
3,13,-5.8,0
3,13,-5.6,0
3,13,-5.4,0
3,13,-5.2,0
3,13,-5.0,6
3,13,-4.8,0
3,13,-4.6,0
3,13,-4.4,6
3,13,-4.2,15
3,13,-4.0,18
3,13,-3.8,30
3,13,-3.6,39
3,13,-3.4,165
3,13,-3.2,300
3,13,-3.0,576
3,13,-2.8,957
3,13,-2.6,1698
3,13,-2.4,2706
3,13,-2.2,4467
3,13,-2.0,6600
3,13,-1.8,9564
3,13,-1.6,12990
3,13,-1.4,17886
3,13,-1.2,22674
3,13,-1.0,28686
3,13,-0.8,32625
3,13,-0.6,38778
3,13,-0.4,41730
3,13,-0.2,43566
3,13,0.0,43518
3,13,0.2,41112
3,13,0.4,38235
3,13,0.6,32721
3,13,0.8,28428
3,13,1.0,23133
3,13,1.2,17238
3,13,1.4,13485
3,13,1.6,10044
3,13,1.8,6942
3,13,2.0,4149
3,13,2.2,2508
3,13,2.4,1740
3,13,2.6,942
3,13,2.8,612
3,13,3.0,303
3,13,3.2,123
3,13,3.4,54
3,13,3.6,27
3,13,3.8,33
3,13,4.0,3
3,13,4.2,3
3,13,4.4,6
3,13,4.6,0
3,13,4.8,0
3,13,5.0,0
3,13,5.2,0
3,13,5.4,0
3,13,5.6,0
3,13,5.8,0
3,14,-6.0,0
3,14,-5.8,0
3,14,-5.6,0
3,14,-5.4,0
3,14,-5.2,0
3,14,-5.0,0
3,14,-4.8,0
3,14,-4.6,6
3,14,-4.4,24
3,14,-4.2,21
3,14,-4.0,48
3,14,-3.8,123
3,14,-3.6,228
3,14,-3.4,390
3,14,-3.2,867
3,14,-3.0,1401
3,14,-2.8,2946
3,14,-2.6,5235
3,14,-2.4,8259
3,14,-2.2,12759
3,14,-2.0,20094
3,14,-1.8,28743
3,14,-1.6,40143
3,14,-1.4,54060
3,14,-1.2,69096
3,14,-1.0,84588
3,14,-0.8,99834
3,14,-0.6,115083
3,14,-0.4,123648
3,14,-0.2,130260
3,14,0.0,129255
3,14,0.2,123558
3,14,0.4,114414
3,14,0.6,99069
3,14,0.8,85332
3,14,1.0,70041
3,14,1.2,54411
3,14,1.4,39435
3,14,1.6,28953
3,14,1.8,19155
3,14,2.0,12804
3,14,2.2,8535
3,14,2.4,5034
3,14,2.6,2979
3,14,2.8,1620
3,14,3.0,978
3,14,3.2,468
3,14,3.4,174
3,14,3.6,147
3,14,3.8,45
3,14,4.0,18
3,14,4.2,9
3,14,4.4,21
3,14,4.6,12
3,14,4.8,0
3,14,5.0,0
3,14,5.2,0
3,14,5.4,0
3,14,5.6,0
3,14,5.8,0
3,15,-6.0,0
3,15,-5.8,0
3,15,-5.6,0
3,15,-5.4,3
3,15,-5.2,0
3,15,-5.0,2
3,15,-4.8,6
3,15,-4.6,7
3,15,-4.4,36
3,15,-4.2,66
3,15,-4.0,173
3,15,-3.8,385
3,15,-3.6,745
3,15,-3.4,1349
3,15,-3.2,2907
3,15,-3.0,5215
3,15,-2.8,8736
3,15,-2.6,15061
3,15,-2.4,24722
3,15,-2.2,39139
3,15,-2.0,60715
3,15,-1.8,88035
3,15,-1.6,119656
3,15,-1.4,162018
3,15,-1.2,207718
3,15,-1.0,253414
3,15,-0.8,302505
3,15,-0.6,339635
3,15,-0.4,368563
3,15,-0.2,389021
3,15,0.0,386634
3,15,0.2,372815
3,15,0.4,341306
3,15,0.6,301535
3,15,0.8,256084
3,15,1.0,206642
3,15,1.2,161001
3,15,1.4,122801
3,15,1.6,86026
3,15,1.8,59129
3,15,2.0,39598
3,15,2.2,25607
3,15,2.4,14977
3,15,2.6,9089
3,15,2.8,4729
3,15,3.0,2628
3,15,3.2,1311
3,15,3.4,669
3,15,3.6,314
3,15,3.8,117
3,15,4.0,78
3,15,4.2,15
3,15,4.4,9
3,15,4.6,12
3,15,4.8,6
3,15,5.0,0
3,15,5.2,0
3,15,5.4,3
3,15,5.6,0
3,15,5.8,0
3,16,-6.0,0
3,16,-5.8,0
3,16,-5.6,3
3,16,-5.4,0
3,16,-5.2,0
3,16,-5.0,0
3,16,-4.8,12
3,16,-4.6,27
3,16,-4.4,84
3,16,-4.2,216
3,16,-4.0,480
3,16,-3.8,894
3,16,-3.6,2208
3,16,-3.4,4251
3,16,-3.2,8073
3,16,-3.0,15237
3,16,-2.8,26928
3,16,-2.6,45864
3,16,-2.4,75693
3,16,-2.2,119895
3,16,-2.0,177963
3,16,-1.8,260862
3,16,-1.6,363246
3,16,-1.4,486273
3,16,-1.2,622482
3,16,-1.0,768906
3,16,-0.8,903468
3,16,-0.6,1022793
3,16,-0.4,1110069
3,16,-0.2,1158786
3,16,0.0,1160538
3,16,0.2,1111548
3,16,0.4,1024584
3,16,0.6,900672
3,16,0.8,765324
3,16,1.0,621111
3,16,1.2,484881
3,16,1.4,364764
3,16,1.6,259653
3,16,1.8,180822
3,16,2.0,120480
3,16,2.2,75423
3,16,2.4,46467
3,16,2.6,26622
3,16,2.8,14994
3,16,3.0,8046
3,16,3.2,4209
3,16,3.4,2142
3,16,3.6,1068
3,16,3.8,492
3,16,4.0,198
3,16,4.2,102
3,16,4.4,33
3,16,4.6,9
3,16,4.8,6
3,16,5.0,6
3,16,5.2,0
3,16,5.4,0
3,16,5.6,0
3,16,5.8,0
4,2,-6.0,0
4,2,-5.8,0
4,2,-5.6,0
4,2,-5.4,0
4,2,-5.2,0
4,2,-5.0,0
4,2,-4.8,0
4,2,-4.6,0
4,2,-4.4,0
4,2,-4.2,0
4,2,-4.0,0
4,2,-3.8,0
4,2,-3.6,0
4,2,-3.4,0
4,2,-3.2,0
4,2,-3.0,0
4,2,-2.8,0
4,2,-2.6,0
4,2,-2.4,0
4,2,-2.2,0
4,2,-2.0,0
4,2,-1.8,0
4,2,-1.6,0
4,2,-1.4,0
4,2,-1.2,0
4,2,-1.0,0
4,2,-0.8,0
4,2,-0.6,0
4,2,-0.4,0
4,2,-0.2,0
4,2,0.0,1
4,2,0.2,0
4,2,0.4,0
4,2,0.6,0
4,2,0.8,0
4,2,1.0,0
4,2,1.2,0
4,2,1.4,0
4,2,1.6,0
4,2,1.8,0
4,2,2.0,0
4,2,2.2,0
4,2,2.4,0
4,2,2.6,0
4,2,2.8,0
4,2,3.0,0
4,2,3.2,0
4,2,3.4,0
4,2,3.6,0
4,2,3.8,0
4,2,4.0,0
4,2,4.2,0
4,2,4.4,0
4,2,4.6,0
4,2,4.8,0
4,2,5.0,0
4,2,5.2,0
4,2,5.4,0
4,2,5.6,0
4,2,5.8,0
4,3,-6.0,0
4,3,-5.8,0
4,3,-5.6,0
4,3,-5.4,0
4,3,-5.2,0
4,3,-5.0,0
4,3,-4.8,0
4,3,-4.6,0
4,3,-4.4,0
4,3,-4.2,0
4,3,-4.0,0
4,3,-3.8,0
4,3,-3.6,0
4,3,-3.4,0
4,3,-3.2,0
4,3,-3.0,0
4,3,-2.8,0
4,3,-2.6,0
4,3,-2.4,0
4,3,-2.2,0
4,3,-2.0,0
4,3,-1.8,0
4,3,-1.6,0
4,3,-1.4,0
4,3,-1.2,0
4,3,-1.0,0
4,3,-0.8,0
4,3,-0.6,0
4,3,-0.4,0
4,3,-0.2,0
4,3,0.0,4
4,3,0.2,0
4,3,0.4,0
4,3,0.6,0
4,3,0.8,0
4,3,1.0,0
4,3,1.2,0
4,3,1.4,0
4,3,1.6,0
4,3,1.8,0
4,3,2.0,0
4,3,2.2,0
4,3,2.4,0
4,3,2.6,0
4,3,2.8,0
4,3,3.0,0
4,3,3.2,0
4,3,3.4,0
4,3,3.6,0
4,3,3.8,0
4,3,4.0,0
4,3,4.2,0
4,3,4.4,0
4,3,4.6,0
4,3,4.8,0
4,3,5.0,0
4,3,5.2,0
4,3,5.4,0
4,3,5.6,0
4,3,5.8,0
4,4,-6.0,0
4,4,-5.8,0
4,4,-5.6,0
4,4,-5.4,0
4,4,-5.2,0
4,4,-5.0,0
4,4,-4.8,0
4,4,-4.6,0
4,4,-4.4,1
4,4,-4.2,0
4,4,-4.0,0
4,4,-3.8,0
4,4,-3.6,0
4,4,-3.4,0
4,4,-3.2,0
4,4,-3.0,0
4,4,-2.8,0
4,4,-2.6,0
4,4,-2.4,0
4,4,-2.2,0
4,4,-2.0,0
4,4,-1.8,0
4,4,-1.6,0
4,4,-1.4,0
4,4,-1.2,0
4,4,-1.0,0
4,4,-0.8,0
4,4,-0.6,0
4,4,-0.4,0
4,4,-0.2,0
4,4,0.0,0
4,4,0.2,0
4,4,0.4,0
4,4,0.6,0
4,4,0.8,0
4,4,1.0,0
4,4,1.2,0
4,4,1.4,3
4,4,1.6,0
4,4,1.8,0
4,4,2.0,0
4,4,2.2,0
4,4,2.4,0
4,4,2.6,0
4,4,2.8,0
4,4,3.0,0
4,4,3.2,0
4,4,3.4,0
4,4,3.6,0
4,4,3.8,0
4,4,4.0,0
4,4,4.2,0
4,4,4.4,0
4,4,4.6,0
4,4,4.8,0
4,4,5.0,0
4,4,5.2,0
4,4,5.4,0
4,4,5.6,0
4,4,5.8,0
4,5,-6.0,0
4,5,-5.8,0
4,5,-5.6,0
4,5,-5.4,0
4,5,-5.2,0
4,5,-5.0,0
4,5,-4.8,0
4,5,-4.6,0
4,5,-4.4,0
4,5,-4.2,0
4,5,-4.0,0
4,5,-3.8,0
4,5,-3.6,0
4,5,-3.4,4
4,5,-3.2,0
4,5,-3.0,0
4,5,-2.8,0
4,5,-2.6,0
4,5,-2.4,0
4,5,-2.2,0
4,5,-2.0,0
4,5,-1.8,0
4,5,-1.6,0
4,5,-1.4,0
4,5,-1.2,0
4,5,-1.0,0
4,5,-0.8,0
4,5,-0.6,0
4,5,-0.4,0
4,5,-0.2,0
4,5,0.0,0
4,5,0.2,0
4,5,0.4,0
4,5,0.6,0
4,5,0.8,0
4,5,1.0,0
4,5,1.2,0
4,5,1.4,0
4,5,1.6,12
4,5,1.8,0
4,5,2.0,0
4,5,2.2,0
4,5,2.4,0
4,5,2.6,0
4,5,2.8,0
4,5,3.0,0
4,5,3.2,0
4,5,3.4,0
4,5,3.6,0
4,5,3.8,0
4,5,4.0,0
4,5,4.2,0
4,5,4.4,0
4,5,4.6,0
4,5,4.8,0
4,5,5.0,0
4,5,5.2,0
4,5,5.4,0
4,5,5.6,0
4,5,5.8,0
4,6,-6.0,0
4,6,-5.8,0
4,6,-5.6,0
4,6,-5.4,0
4,6,-5.2,0
4,6,-5.0,0
4,6,-4.8,0
4,6,-4.6,0
4,6,-4.4,0
4,6,-4.2,0
4,6,-4.0,0
4,6,-3.8,0
4,6,-3.6,0
4,6,-3.4,0
4,6,-3.2,0
4,6,-3.0,4
4,6,-2.8,0
4,6,-2.6,0
4,6,-2.4,0
4,6,-2.2,0
4,6,-2.0,0
4,6,-1.8,0
4,6,-1.6,0
4,6,-1.4,0
4,6,-1.2,0
4,6,-1.0,0
4,6,-0.8,0
4,6,-0.6,0
4,6,-0.4,0
4,6,-0.2,6
4,6,0.0,6
4,6,0.2,0
4,6,0.4,0
4,6,0.6,0
4,6,0.8,0
4,6,1.0,0
4,6,1.2,0
4,6,1.4,0
4,6,1.6,0
4,6,1.8,0
4,6,2.0,0
4,6,2.2,0
4,6,2.4,0
4,6,2.6,0
4,6,2.8,0
4,6,3.0,0
4,6,3.2,0
4,6,3.4,0
4,6,3.6,0
4,6,3.8,0
4,6,4.0,0
4,6,4.2,0
4,6,4.4,0
4,6,4.6,0
4,6,4.8,0
4,6,5.0,0
4,6,5.2,0
4,6,5.4,0
4,6,5.6,0
4,6,5.8,0
4,7,-6.0,0
4,7,-5.8,0
4,7,-5.6,0
4,7,-5.4,0
4,7,-5.2,0
4,7,-5.0,0
4,7,-4.8,0
4,7,-4.6,0
4,7,-4.4,0
4,7,-4.2,0
4,7,-4.0,0
4,7,-3.8,0
4,7,-3.6,0
4,7,-3.4,4
4,7,-3.2,0
4,7,-3.0,0
4,7,-2.8,0
4,7,-2.6,0
4,7,-2.4,0
4,7,-2.2,0
4,7,-2.0,4
4,7,-1.8,0
4,7,-1.6,0
4,7,-1.4,0
4,7,-1.2,0
4,7,-1.0,0
4,7,-0.8,0
4,7,-0.6,0
4,7,-0.4,0
4,7,-0.2,0
4,7,0.0,12
4,7,0.2,0
4,7,0.4,0
4,7,0.6,24
4,7,0.8,0
4,7,1.0,0
4,7,1.2,12
4,7,1.4,0
4,7,1.6,0
4,7,1.8,0
4,7,2.0,8
4,7,2.2,0
4,7,2.4,0
4,7,2.6,0
4,7,2.8,0
4,7,3.0,0
4,7,3.2,0
4,7,3.4,0
4,7,3.6,0
4,7,3.8,0
4,7,4.0,0
4,7,4.2,0
4,7,4.4,0
4,7,4.6,0
4,7,4.8,0
4,7,5.0,0
4,7,5.2,0
4,7,5.4,0
4,7,5.6,0
4,7,5.8,0
4,8,-6.0,0
4,8,-5.8,0
4,8,-5.6,0
4,8,-5.4,0
4,8,-5.2,1
4,8,-5.0,0
4,8,-4.8,0
4,8,-4.6,0
4,8,-4.4,0
4,8,-4.2,0
4,8,-4.0,0
4,8,-3.8,0
4,8,-3.6,0
4,8,-3.4,0
4,8,-3.2,0
4,8,-3.0,0
4,8,-2.8,0
4,8,-2.6,0
4,8,-2.4,0
4,8,-2.2,0
4,8,-2.0,0
4,8,-1.8,0
4,8,-1.6,3
4,8,-1.4,0
4,8,-1.2,0
4,8,-1.0,0
4,8,-0.8,36
4,8,-0.6,0
4,8,-0.4,0
4,8,-0.2,2
4,8,0.0,1
4,8,0.2,0
4,8,0.4,0
4,8,0.6,0
4,8,0.8,6
4,8,1.0,0
4,8,1.2,12
4,8,1.4,0
4,8,1.6,0
4,8,1.8,0
4,8,2.0,0
4,8,2.2,0
4,8,2.4,0
4,8,2.6,0
4,8,2.8,0
4,8,3.0,0
4,8,3.2,0
4,8,3.4,0
4,8,3.6,0
4,8,3.8,0
4,8,4.0,0
4,8,4.2,0
4,8,4.4,0
4,8,4.6,3
4,8,4.8,0
4,8,5.0,0
4,8,5.2,0
4,8,5.4,0
4,8,5.6,0
4,8,5.8,0
4,9,-6.0,0
4,9,-5.8,0
4,9,-5.6,0
4,9,-5.4,0
4,9,-5.2,0
4,9,-5.0,0
4,9,-4.8,0
4,9,-4.6,0
4,9,-4.4,0
4,9,-4.2,0
4,9,-4.0,0
4,9,-3.8,0
4,9,-3.6,0
4,9,-3.4,0
4,9,-3.2,0
4,9,-3.0,0
4,9,-2.8,0
4,9,-2.6,0
4,9,-2.4,0
4,9,-2.2,4
4,9,-2.0,0
4,9,-1.8,0
4,9,-1.6,12
4,9,-1.4,24
4,9,-1.2,0
4,9,-1.0,0
4,9,-0.8,36
4,9,-0.6,44
4,9,-0.4,24
4,9,-0.2,16
4,9,0.0,0
4,9,0.2,24
4,9,0.4,0
4,9,0.6,0
4,9,0.8,0
4,9,1.0,36
4,9,1.2,24
4,9,1.4,0
4,9,1.6,0
4,9,1.8,12
4,9,2.0,0
4,9,2.2,0
4,9,2.4,0
4,9,2.6,0
4,9,2.8,0
4,9,3.0,0
4,9,3.2,0
4,9,3.4,0
4,9,3.6,0
4,9,3.8,0
4,9,4.0,0
4,9,4.2,0
4,9,4.4,0
4,9,4.6,0
4,9,4.8,0
4,9,5.0,0
4,9,5.2,0
4,9,5.4,0
4,9,5.6,0
4,9,5.8,0
4,10,-6.0,0
4,10,-5.8,0
4,10,-5.6,0
4,10,-5.4,0
4,10,-5.2,0
4,10,-5.0,0
4,10,-4.8,0
4,10,-4.6,0
4,10,-4.4,0
4,10,-4.2,0
4,10,-4.0,0
4,10,-3.8,0
4,10,-3.6,4
4,10,-3.4,0
4,10,-3.2,0
4,10,-3.0,0
4,10,-2.8,0
4,10,-2.6,0
4,10,-2.4,0
4,10,-2.2,0
4,10,-2.0,0
4,10,-1.8,18
4,10,-1.6,0
4,10,-1.4,6
4,10,-1.2,66
4,10,-1.0,0
4,10,-0.8,24
4,10,-0.6,24
4,10,-0.4,18
4,10,-0.2,24
4,10,0.0,0
4,10,0.2,0
4,10,0.4,36
4,10,0.6,24
4,10,0.8,0
4,10,1.0,0
4,10,1.2,0
4,10,1.4,0
4,10,1.6,0
4,10,1.8,0
4,10,2.0,8
4,10,2.2,0
4,10,2.4,0
4,10,2.6,0
4,10,2.8,0
4,10,3.0,0
4,10,3.2,0
4,10,3.4,0
4,10,3.6,0
4,10,3.8,4
4,10,4.0,0
4,10,4.2,0
4,10,4.4,0
4,10,4.6,0
4,10,4.8,0
4,10,5.0,0
4,10,5.2,0
4,10,5.4,0
4,10,5.6,0
4,10,5.8,0
4,11,-6.0,0
4,11,-5.8,0
4,11,-5.6,0
4,11,-5.4,0
4,11,-5.2,0
4,11,-5.0,0
4,11,-4.8,0
4,11,-4.6,0
4,11,-4.4,0
4,11,-4.2,0
4,11,-4.0,0
4,11,-3.8,0
4,11,-3.6,0
4,11,-3.4,0
4,11,-3.2,0
4,11,-3.0,0
4,11,-2.8,0
4,11,-2.6,16
4,11,-2.4,0
4,11,-2.2,28
4,11,-2.0,0
4,11,-1.8,48
4,11,-1.6,36
4,11,-1.4,24
4,11,-1.2,24
4,11,-1.0,72
4,11,-0.8,96
4,11,-0.6,12
4,11,-0.4,72
4,11,-0.2,60
4,11,0.0,108
4,11,0.2,24
4,11,0.4,48
4,11,0.6,44
4,11,0.8,120
4,11,1.0,72
4,11,1.2,72
4,11,1.4,12
4,11,1.6,0
4,11,1.8,12
4,11,2.0,0
4,11,2.2,24
4,11,2.4,0
4,11,2.6,0
4,11,2.8,0
4,11,3.0,0
4,11,3.2,0
4,11,3.4,0
4,11,3.6,0
4,11,3.8,0
4,11,4.0,0
4,11,4.2,0
4,11,4.4,0
4,11,4.6,0
4,11,4.8,0
4,11,5.0,0
4,11,5.2,0
4,11,5.4,0
4,11,5.6,0
4,11,5.8,0
4,12,-6.0,0
4,12,-5.8,0
4,12,-5.6,0
4,12,-5.4,0
4,12,-5.2,0
4,12,-5.0,0
4,12,-4.8,0
4,12,-4.6,6
4,12,-4.4,0
4,12,-4.2,0
4,12,-4.0,0
4,12,-3.8,0
4,12,-3.6,6
4,12,-3.4,3
4,12,-3.2,3
4,12,-3.0,12
4,12,-2.8,12
4,12,-2.6,0
4,12,-2.4,0
4,12,-2.2,0
4,12,-2.0,0
4,12,-1.8,63
4,12,-1.6,54
4,12,-1.4,84
4,12,-1.2,12
4,12,-1.0,84
4,12,-0.8,84
4,12,-0.6,36
4,12,-0.4,0
4,12,-0.2,48
4,12,0.0,96
4,12,0.2,24
4,12,0.4,85
4,12,0.6,114
4,12,0.8,0
4,12,1.0,36
4,12,1.2,24
4,12,1.4,36
4,12,1.6,12
4,12,1.8,32
4,12,2.0,48
4,12,2.2,0
4,12,2.4,0
4,12,2.6,0
4,12,2.8,0
4,12,3.0,0
4,12,3.2,0
4,12,3.4,0
4,12,3.6,0
4,12,3.8,0
4,12,4.0,0
4,12,4.2,0
4,12,4.4,0
4,12,4.6,0
4,12,4.8,0
4,12,5.0,0
4,12,5.2,0
4,12,5.4,0
4,12,5.6,0
4,12,5.8,0
4,13,-6.0,0
4,13,-5.8,0
4,13,-5.6,0
4,13,-5.4,0
4,13,-5.2,0
4,13,-5.0,0
4,13,-4.8,0
4,13,-4.6,0
4,13,-4.4,0
4,13,-4.2,0
4,13,-4.0,0
4,13,-3.8,0
4,13,-3.6,0
4,13,-3.4,0
4,13,-3.2,0
4,13,-3.0,0
4,13,-2.8,0
4,13,-2.6,12
4,13,-2.4,24
4,13,-2.2,0
4,13,-2.0,72
4,13,-1.8,132
4,13,-1.6,24
4,13,-1.4,156
4,13,-1.2,228
4,13,-1.0,480
4,13,-0.8,244
4,13,-0.6,276
4,13,-0.4,168
4,13,-0.2,300
4,13,0.0,304
4,13,0.2,184
4,13,0.4,380
4,13,0.6,144
4,13,0.8,208
4,13,1.0,144
4,13,1.2,132
4,13,1.4,96
4,13,1.6,120
4,13,1.8,96
4,13,2.0,84
4,13,2.2,24
4,13,2.4,24
4,13,2.6,0
4,13,2.8,28
4,13,3.0,0
4,13,3.2,0
4,13,3.4,12
4,13,3.6,0
4,13,3.8,0
4,13,4.0,0
4,13,4.2,0
4,13,4.4,0
4,13,4.6,0
4,13,4.8,0
4,13,5.0,0
4,13,5.2,0
4,13,5.4,0
4,13,5.6,0
4,13,5.8,0
5,2,-6.0,0
5,2,-5.8,0
5,2,-5.6,0
5,2,-5.4,0
5,2,-5.2,0
5,2,-5.0,0
5,2,-4.8,0
5,2,-4.6,0
5,2,-4.4,0
5,2,-4.2,0
5,2,-4.0,0
5,2,-3.8,0
5,2,-3.6,0
5,2,-3.4,0
5,2,-3.2,0
5,2,-3.0,0
5,2,-2.8,0
5,2,-2.6,0
5,2,-2.4,0
5,2,-2.2,0
5,2,-2.0,0
5,2,-1.8,0
5,2,-1.6,0
5,2,-1.4,0
5,2,-1.2,0
5,2,-1.0,0
5,2,-0.8,0
5,2,-0.6,0
5,2,-0.4,0
5,2,-0.2,0
5,2,0.0,5
5,2,0.2,0
5,2,0.4,0
5,2,0.6,0
5,2,0.8,0
5,2,1.0,0
5,2,1.2,0
5,2,1.4,0
5,2,1.6,0
5,2,1.8,0
5,2,2.0,0
5,2,2.2,0
5,2,2.4,0
5,2,2.6,0
5,2,2.8,0
5,2,3.0,0
5,2,3.2,0
5,2,3.4,0
5,2,3.6,0
5,2,3.8,0
5,2,4.0,0
5,2,4.2,0
5,2,4.4,0
5,2,4.6,0
5,2,4.8,0
5,2,5.0,0
5,2,5.2,0
5,2,5.4,0
5,2,5.6,0
5,2,5.8,0
5,3,-6.0,0
5,3,-5.8,0
5,3,-5.6,0
5,3,-5.4,0
5,3,-5.2,0
5,3,-5.0,0
5,3,-4.8,0
5,3,-4.6,0
5,3,-4.4,0
5,3,-4.2,0
5,3,-4.0,0
5,3,-3.8,0
5,3,-3.6,0
5,3,-3.4,0
5,3,-3.2,0
5,3,-3.0,0
5,3,-2.8,0
5,3,-2.6,0
5,3,-2.4,0
5,3,-2.2,0
5,3,-2.0,0
5,3,-1.8,0
5,3,-1.6,0
5,3,-1.4,0
5,3,-1.2,0
5,3,-1.0,10
5,3,-0.8,0
5,3,-0.6,0
5,3,-0.4,0
5,3,-0.2,0
5,3,0.0,5
5,3,0.2,0
5,3,0.4,0
5,3,0.6,0
5,3,0.8,0
5,3,1.0,10
5,3,1.2,0
5,3,1.4,0
5,3,1.6,0
5,3,1.8,0
5,3,2.0,0
5,3,2.2,0
5,3,2.4,0
5,3,2.6,0
5,3,2.8,0
5,3,3.0,0
5,3,3.2,0
5,3,3.4,0
5,3,3.6,0
5,3,3.8,0
5,3,4.0,0
5,3,4.2,0
5,3,4.4,0
5,3,4.6,0
5,3,4.8,0
5,3,5.0,0
5,3,5.2,0
5,3,5.4,0
5,3,5.6,0
5,3,5.8,0
5,4,-6.0,0
5,4,-5.8,0
5,4,-5.6,0
5,4,-5.4,0
5,4,-5.2,0
5,4,-5.0,0
5,4,-4.8,0
5,4,-4.6,0
5,4,-4.4,0
5,4,-4.2,0
5,4,-4.0,0
5,4,-3.8,0
5,4,-3.6,0
5,4,-3.4,0
5,4,-3.2,0
5,4,-3.0,0
5,4,-2.8,0
5,4,-2.6,0
5,4,-2.4,0
5,4,-2.2,0
5,4,-2.0,0
5,4,-1.8,0
5,4,-1.6,20
5,4,-1.4,0
5,4,-1.2,0
5,4,-1.0,0
5,4,-0.8,0
5,4,-0.6,0
5,4,-0.4,50
5,4,-0.2,0
5,4,0.0,0
5,4,0.2,10
5,4,0.4,0
5,4,0.6,0
5,4,0.8,40
5,4,1.0,0
5,4,1.2,5
5,4,1.4,0
5,4,1.6,0
5,4,1.8,0
5,4,2.0,0
5,4,2.2,0
5,4,2.4,0
5,4,2.6,0
5,4,2.8,0
5,4,3.0,0
5,4,3.2,0
5,4,3.4,0
5,4,3.6,0
5,4,3.8,0
5,4,4.0,0
5,4,4.2,0
5,4,4.4,0
5,4,4.6,0
5,4,4.8,0
5,4,5.0,0
5,4,5.2,0
5,4,5.4,0
5,4,5.6,0
5,4,5.8,0
5,5,-6.0,0
5,5,-5.8,0
5,5,-5.6,0
5,5,-5.4,0
5,5,-5.2,1
5,5,-5.0,0
5,5,-4.8,0
5,5,-4.6,0
5,5,-4.4,0
5,5,-4.2,0
5,5,-4.0,0
5,5,-3.8,0
5,5,-3.6,0
5,5,-3.4,0
5,5,-3.2,0
5,5,-3.0,0
5,5,-2.8,0
5,5,-2.6,0
5,5,-2.4,0
5,5,-2.2,20
5,5,-2.0,1
5,5,-1.8,10
5,5,-1.6,21
5,5,-1.4,20
5,5,-1.2,0
5,5,-1.0,0
5,5,-0.8,80
5,5,-0.6,50
5,5,-0.4,60
5,5,-0.2,20
5,5,0.0,70
5,5,0.2,60
5,5,0.4,100
5,5,0.6,0
5,5,0.8,30
5,5,1.0,40
5,5,1.2,0
5,5,1.4,0
5,5,1.6,20
5,5,1.8,10
5,5,2.0,1
5,5,2.2,0
5,5,2.4,10
5,5,2.6,0
5,5,2.8,0
5,5,3.0,0
5,5,3.2,0
5,5,3.4,0
5,5,3.6,0
5,5,3.8,0
5,5,4.0,1
5,5,4.2,0
5,5,4.4,0
5,5,4.6,0
5,5,4.8,0
5,5,5.0,0
5,5,5.2,0
5,5,5.4,0
5,5,5.6,0
5,5,5.8,0
5,6,-6.0,0
5,6,-5.8,0
5,6,-5.6,0
5,6,-5.4,0
5,6,-5.2,0
5,6,-5.0,0
5,6,-4.8,0
5,6,-4.6,0
5,6,-4.4,0
5,6,-4.2,0
5,6,-4.0,0
5,6,-3.8,0
5,6,-3.6,0
5,6,-3.4,0
5,6,-3.2,0
5,6,-3.0,0
5,6,-2.8,5
5,6,-2.6,40
5,6,-2.4,10
5,6,-2.2,10
5,6,-2.0,20
5,6,-1.8,70
5,6,-1.6,80
5,6,-1.4,80
5,6,-1.2,160
5,6,-1.0,175
5,6,-0.8,180
5,6,-0.6,230
5,6,-0.4,180
5,6,-0.2,400
5,6,0.0,300
5,6,0.2,140
5,6,0.4,160
5,6,0.6,200
5,6,0.8,145
5,6,1.0,140
5,6,1.2,165
5,6,1.4,105
5,6,1.6,80
5,6,1.8,20
5,6,2.0,10
5,6,2.2,0
5,6,2.4,20
5,6,2.6,0
5,6,2.8,0
5,6,3.0,0
5,6,3.2,0
5,6,3.4,0
5,6,3.6,0
5,6,3.8,0
5,6,4.0,0
5,6,4.2,0
5,6,4.4,0
5,6,4.6,0
5,6,4.8,0
5,6,5.0,0
5,6,5.2,0
5,6,5.4,0
5,6,5.6,0
5,6,5.8,0
5,7,-6.0,0
5,7,-5.8,0
5,7,-5.6,0
5,7,-5.4,0
5,7,-5.2,0
5,7,-5.0,0
5,7,-4.8,0
5,7,-4.6,0
5,7,-4.4,0
5,7,-4.2,0
5,7,-4.0,0
5,7,-3.8,0
5,7,-3.6,0
5,7,-3.4,10
5,7,-3.2,0
5,7,-3.0,20
5,7,-2.8,0
5,7,-2.6,20
5,7,-2.4,130
5,7,-2.2,80
5,7,-2.0,200
5,7,-1.8,280
5,7,-1.6,470
5,7,-1.4,320
5,7,-1.2,710
5,7,-1.0,780
5,7,-0.8,1090
5,7,-0.6,1075
5,7,-0.4,1230
5,7,-0.2,1155
5,7,0.0,1670
5,7,0.2,1170
5,7,0.4,1170
5,7,0.6,915
5,7,0.8,1020
5,7,1.0,680
5,7,1.2,370
5,7,1.4,270
5,7,1.6,320
5,7,1.8,220
5,7,2.0,130
5,7,2.2,40
5,7,2.4,0
5,7,2.6,30
5,7,2.8,10
5,7,3.0,20
5,7,3.2,0
5,7,3.4,20
5,7,3.6,0
5,7,3.8,0
5,7,4.0,0
5,7,4.2,0
5,7,4.4,0
5,7,4.6,0
5,7,4.8,0
5,7,5.0,0
5,7,5.2,0
5,7,5.4,0
5,7,5.6,0
5,7,5.8,0
5,8,-6.0,0
5,8,-5.8,0
5,8,-5.6,0
5,8,-5.4,0
5,8,-5.2,0
5,8,-5.0,0
5,8,-4.8,0
5,8,-4.6,0
5,8,-4.4,0
5,8,-4.2,0
5,8,-4.0,0
5,8,-3.8,0
5,8,-3.6,20
5,8,-3.4,0
5,8,-3.2,10
5,8,-3.0,30
5,8,-2.8,100
5,8,-2.6,280
5,8,-2.4,330
5,8,-2.2,480
5,8,-2.0,970
5,8,-1.8,1470
5,8,-1.6,1880
5,8,-1.4,2490
5,8,-1.2,3700
5,8,-1.0,4075
5,8,-0.8,5190
5,8,-0.6,5730
5,8,-0.4,5710
5,8,-0.2,6635
5,8,0.0,6760
5,8,0.2,6580
5,8,0.4,5430
5,8,0.6,4790
5,8,0.8,4435
5,8,1.0,2870
5,8,1.2,2370
5,8,1.4,1840
5,8,1.6,1280
5,8,1.8,1125
5,8,2.0,560
5,8,2.2,320
5,8,2.4,300
5,8,2.6,120
5,8,2.8,130
5,8,3.0,60
5,8,3.2,40
5,8,3.4,0
5,8,3.6,0
5,8,3.8,0
5,8,4.0,0
5,8,4.2,0
5,8,4.4,0
5,8,4.6,0
5,8,4.8,5
5,8,5.0,10
5,8,5.2,0
5,8,5.4,0
5,8,5.6,0
5,8,5.8,0
5,9,-6.0,0
5,9,-5.8,0
5,9,-5.6,0
5,9,-5.4,0
5,9,-5.2,0
5,9,-5.0,0
5,9,-4.8,0
5,9,-4.6,15
5,9,-4.4,10
5,9,-4.2,0
5,9,-4.0,5
5,9,-3.8,45
5,9,-3.6,40
5,9,-3.4,130
5,9,-3.2,120
5,9,-3.0,485
5,9,-2.8,830
5,9,-2.6,1270
5,9,-2.4,2410
5,9,-2.2,3200
5,9,-2.0,4770
5,9,-1.8,6850
5,9,-1.6,10775
5,9,-1.4,13050
5,9,-1.2,16900
5,9,-1.0,21870
5,9,-0.8,24090
5,9,-0.6,27305
5,9,-0.4,30430
5,9,-0.2,31855
5,9,0.0,30450
5,9,0.2,29785
5,9,0.4,27940
5,9,0.6,22865
5,9,0.8,21200
5,9,1.0,16920
5,9,1.2,13805
5,9,1.4,10230
5,9,1.6,7550
5,9,1.8,5060
5,9,2.0,3270
5,9,2.2,2140
5,9,2.4,1330
5,9,2.6,640
5,9,2.8,490
5,9,3.0,260
5,9,3.2,180
5,9,3.4,5
5,9,3.6,30
5,9,3.8,20
5,9,4.0,0
5,9,4.2,0
5,9,4.4,0
5,9,4.6,0
5,9,4.8,0
5,9,5.0,0
5,9,5.2,0
5,9,5.4,0
5,9,5.6,0
5,9,5.8,0
5,10,-6.0,0
5,10,-5.8,5
5,10,-5.6,0
5,10,-5.4,0
5,10,-5.2,0
5,10,-5.0,0
5,10,-4.8,0
5,10,-4.6,10
5,10,-4.4,50
5,10,-4.2,0
5,10,-4.0,20
5,10,-3.8,240
5,10,-3.6,375
5,10,-3.4,790
5,10,-3.2,760
5,10,-3.0,2045
5,10,-2.8,3410
5,10,-2.6,6930
5,10,-2.4,10750
5,10,-2.2,16285
5,10,-2.0,25115
5,10,-1.8,35914
5,10,-1.6,49720
5,10,-1.4,65910
5,10,-1.2,84295
5,10,-1.0,102913
5,10,-0.8,120900
5,10,-0.6,138320
5,10,-0.4,150844
5,10,-0.2,160500
5,10,0.0,158701
5,10,0.2,151959
5,10,0.4,138935
5,10,0.6,121960
5,10,0.8,102950
5,10,1.0,84295
5,10,1.2,66690
5,10,1.4,49954
5,10,1.6,35775
5,10,1.8,24830
5,10,2.0,16935
5,10,2.2,9390
5,10,2.4,6190
5,10,2.6,3990
5,10,2.8,2110
5,10,3.0,1120
5,10,3.2,650
5,10,3.4,320
5,10,3.6,120
5,10,3.8,50
5,10,4.0,60
5,10,4.2,20
5,10,4.4,20
5,10,4.6,0
5,10,4.8,0
5,10,5.0,0
5,10,5.2,0
5,10,5.4,0
5,10,5.6,0
5,10,5.8,0
5,11,-6.0,0
5,11,-5.8,0
5,11,-5.6,0
5,11,-5.4,0
5,11,-5.2,0
5,11,-5.0,10
5,11,-4.8,0
5,11,-4.6,0
5,11,-4.4,80
5,11,-4.2,170
5,11,-4.0,350
5,11,-3.8,740
5,11,-3.6,2140
5,11,-3.4,3260
5,11,-3.2,5180
5,11,-3.0,11890
5,11,-2.8,19095
5,11,-2.6,33065
5,11,-2.4,53930
5,11,-2.2,82730
5,11,-2.0,125290
5,11,-1.8,180395
5,11,-1.6,248145
5,11,-1.4,328450
5,11,-1.2,425150
5,11,-1.0,519955
5,11,-0.8,609770
5,11,-0.6,694140
5,11,-0.4,748045
5,11,-0.2,786760
5,11,0.0,782455
5,11,0.2,754050
5,11,0.4,697825
5,11,0.6,612885
5,11,0.8,520620
5,11,1.0,423445
5,11,1.2,332845
5,11,1.4,251215
5,11,1.6,180415
5,11,1.8,121555
5,11,2.0,84255
5,11,2.2,50555
5,11,2.4,32390
5,11,2.6,19540
5,11,2.8,11280
5,11,3.0,5920
5,11,3.2,2730
5,11,3.4,1510
5,11,3.6,740
5,11,3.8,310
5,11,4.0,205
5,11,4.2,85
5,11,4.4,40
5,11,4.6,10
5,11,4.8,5
5,11,5.0,0
5,11,5.2,0
5,11,5.4,0
5,11,5.6,0
5,11,5.8,0
7,2,-6.0,0
7,2,-5.8,0
7,2,-5.6,0
7,2,-5.4,0
7,2,-5.2,0
7,2,-5.0,0
7,2,-4.8,0
7,2,-4.6,0
7,2,-4.4,0
7,2,-4.2,0
7,2,-4.0,0
7,2,-3.8,0
7,2,-3.6,0
7,2,-3.4,0
7,2,-3.2,0
7,2,-3.0,0
7,2,-2.8,0
7,2,-2.6,0
7,2,-2.4,0
7,2,-2.2,0
7,2,-2.0,0
7,2,-1.8,0
7,2,-1.6,0
7,2,-1.4,0
7,2,-1.2,0
7,2,-1.0,0
7,2,-0.8,0
7,2,-0.6,0
7,2,-0.4,0
7,2,-0.2,0
7,2,0.0,7
7,2,0.2,0
7,2,0.4,0
7,2,0.6,0
7,2,0.8,0
7,2,1.0,0
7,2,1.2,0
7,2,1.4,0
7,2,1.6,0
7,2,1.8,0
7,2,2.0,0
7,2,2.2,0
7,2,2.4,0
7,2,2.6,0
7,2,2.8,0
7,2,3.0,0
7,2,3.2,0
7,2,3.4,0
7,2,3.6,0
7,2,3.8,0
7,2,4.0,0
7,2,4.2,0
7,2,4.4,0
7,2,4.6,0
7,2,4.8,0
7,2,5.0,0
7,2,5.2,0
7,2,5.4,0
7,2,5.6,0
7,2,5.8,0
7,3,-6.0,0
7,3,-5.8,0
7,3,-5.6,0
7,3,-5.4,0
7,3,-5.2,0
7,3,-5.0,0
7,3,-4.8,0
7,3,-4.6,0
7,3,-4.4,0
7,3,-4.2,0
7,3,-4.0,0
7,3,-3.8,0
7,3,-3.6,0
7,3,-3.4,0
7,3,-3.2,0
7,3,-3.0,0
7,3,-2.8,0
7,3,-2.6,0
7,3,-2.4,0
7,3,-2.2,0
7,3,-2.0,0
7,3,-1.8,0
7,3,-1.6,0
7,3,-1.4,0
7,3,-1.2,0
7,3,-1.0,21
7,3,-0.8,0
7,3,-0.6,0
7,3,-0.4,0
7,3,-0.2,0
7,3,0.0,7
7,3,0.2,0
7,3,0.4,0
7,3,0.6,0
7,3,0.8,0
7,3,1.0,21
7,3,1.2,0
7,3,1.4,0
7,3,1.6,0
7,3,1.8,0
7,3,2.0,0
7,3,2.2,0
7,3,2.4,0
7,3,2.6,0
7,3,2.8,0
7,3,3.0,0
7,3,3.2,0
7,3,3.4,0
7,3,3.6,0
7,3,3.8,0
7,3,4.0,0
7,3,4.2,0
7,3,4.4,0
7,3,4.6,0
7,3,4.8,0
7,3,5.0,0
7,3,5.2,0
7,3,5.4,0
7,3,5.6,0
7,3,5.8,0
7,4,-6.0,0
7,4,-5.8,0
7,4,-5.6,0
7,4,-5.4,0
7,4,-5.2,0
7,4,-5.0,0
7,4,-4.8,0
7,4,-4.6,0
7,4,-4.4,0
7,4,-4.2,0
7,4,-4.0,0
7,4,-3.8,0
7,4,-3.6,0
7,4,-3.4,0
7,4,-3.2,0
7,4,-3.0,0
7,4,-2.8,0
7,4,-2.6,0
7,4,-2.4,0
7,4,-2.2,0
7,4,-2.0,14
7,4,-1.8,7
7,4,-1.6,0
7,4,-1.4,0
7,4,-1.2,0
7,4,-1.0,126
7,4,-0.8,0
7,4,-0.6,0
7,4,-0.4,0
7,4,-0.2,0
7,4,0.0,0
7,4,0.2,105
7,4,0.4,0
7,4,0.6,0
7,4,0.8,21
7,4,1.0,0
7,4,1.2,70
7,4,1.4,0
7,4,1.6,0
7,4,1.8,0
7,4,2.0,0
7,4,2.2,0
7,4,2.4,0
7,4,2.6,0
7,4,2.8,0
7,4,3.0,0
7,4,3.2,0
7,4,3.4,0
7,4,3.6,0
7,4,3.8,0
7,4,4.0,0
7,4,4.2,0
7,4,4.4,0
7,4,4.6,0
7,4,4.8,0
7,4,5.0,0
7,4,5.2,0
7,4,5.4,0
7,4,5.6,0
7,4,5.8,0
7,5,-6.0,0
7,5,-5.8,0
7,5,-5.6,0
7,5,-5.4,0
7,5,-5.2,0
7,5,-5.0,0
7,5,-4.8,0
7,5,-4.6,0
7,5,-4.4,0
7,5,-4.2,0
7,5,-4.0,0
7,5,-3.8,0
7,5,-3.6,0
7,5,-3.4,0
7,5,-3.2,0
7,5,-3.0,0
7,5,-2.8,0
7,5,-2.6,0
7,5,-2.4,0
7,5,-2.2,0
7,5,-2.0,63
7,5,-1.8,84
7,5,-1.6,105
7,5,-1.4,63
7,5,-1.2,42
7,5,-1.0,133
7,5,-0.8,182
7,5,-0.6,245
7,5,-0.4,119
7,5,-0.2,147
7,5,0.0,189
7,5,0.2,84
7,5,0.4,210
7,5,0.6,168
7,5,0.8,252
7,5,1.0,147
7,5,1.2,42
7,5,1.4,21
7,5,1.6,84
7,5,1.8,0
7,5,2.0,21
7,5,2.2,0
7,5,2.4,0
7,5,2.6,0
7,5,2.8,0
7,5,3.0,0
7,5,3.2,0
7,5,3.4,0
7,5,3.6,0
7,5,3.8,0
7,5,4.0,0
7,5,4.2,0
7,5,4.4,0
7,5,4.6,0
7,5,4.8,0
7,5,5.0,0
7,5,5.2,0
7,5,5.4,0
7,5,5.6,0
7,5,5.8,0
7,6,-6.0,0
7,6,-5.8,0
7,6,-5.6,0
7,6,-5.4,0
7,6,-5.2,0
7,6,-5.0,0
7,6,-4.8,0
7,6,-4.6,21
7,6,-4.4,0
7,6,-4.2,0
7,6,-4.0,0
7,6,-3.8,0
7,6,-3.6,0
7,6,-3.4,0
7,6,-3.2,0
7,6,-3.0,84
7,6,-2.8,0
7,6,-2.6,42
7,6,-2.4,224
7,6,-2.2,126
7,6,-2.0,210
7,6,-1.8,462
7,6,-1.6,210
7,6,-1.4,714
7,6,-1.2,840
7,6,-1.0,756
7,6,-0.8,1008
7,6,-0.6,882
7,6,-0.4,1659
7,6,-0.2,1428
7,6,0.0,672
7,6,0.2,1659
7,6,0.4,966
7,6,0.6,1218
7,6,0.8,903
7,6,1.0,588
7,6,1.2,525
7,6,1.4,714
7,6,1.6,350
7,6,1.8,133
7,6,2.0,189
7,6,2.2,84
7,6,2.4,42
7,6,2.6,0
7,6,2.8,21
7,6,3.0,42
7,6,3.2,21
7,6,3.4,0
7,6,3.6,14
7,6,3.8,0
7,6,4.0,0
7,6,4.2,0
7,6,4.4,0
7,6,4.6,0
7,6,4.8,0
7,6,5.0,0
7,6,5.2,0
7,6,5.4,0
7,6,5.6,0
7,6,5.8,0
7,7,-6.0,0
7,7,-5.8,0
7,7,-5.6,0
7,7,-5.4,0
7,7,-5.2,0
7,7,-5.0,21
7,7,-4.8,0
7,7,-4.6,0
7,7,-4.4,0
7,7,-4.2,0
7,7,-4.0,0
7,7,-3.8,0
7,7,-3.6,0
7,7,-3.4,147
7,7,-3.2,127
7,7,-3.0,168
7,7,-2.8,126
7,7,-2.6,378
7,7,-2.4,420
7,7,-2.2,1218
7,7,-2.0,1757
7,7,-1.8,2058
7,7,-1.6,2415
7,7,-1.4,4704
7,7,-1.2,4732
7,7,-1.0,6762
7,7,-0.8,7519
7,7,-0.6,9135
7,7,-0.4,8555
7,7,-0.2,8841
7,7,0.0,9576
7,7,0.2,8918
7,7,0.4,7420
7,7,0.6,6839
7,7,0.8,6153
7,7,1.0,5390
7,7,1.2,4893
7,7,1.4,3458
7,7,1.6,1659
7,7,1.8,1611
7,7,2.0,1190
7,7,2.2,651
7,7,2.4,413
7,7,2.6,252
7,7,2.8,42
7,7,3.0,0
7,7,3.2,56
7,7,3.4,42
7,7,3.6,0
7,7,3.8,0
7,7,4.0,0
7,7,4.2,0
7,7,4.4,0
7,7,4.6,0
7,7,4.8,0
7,7,5.0,0
7,7,5.2,0
7,7,5.4,0
7,7,5.6,0
7,7,5.8,0
7,8,-6.0,0
7,8,-5.8,0
7,8,-5.6,0
7,8,-5.4,0
7,8,-5.2,0
7,8,-5.0,0
7,8,-4.8,21
7,8,-4.6,0
7,8,-4.4,0
7,8,-4.2,0
7,8,-4.0,0
7,8,-3.8,105
7,8,-3.6,42
7,8,-3.4,168
7,8,-3.2,546
7,8,-3.0,588
7,8,-2.8,2072
7,8,-2.6,3143
7,8,-2.4,4578
7,8,-2.2,7483
7,8,-2.0,10122
7,8,-1.8,14490
7,8,-1.6,22869
7,8,-1.4,28889
7,8,-1.2,34608
7,8,-1.0,42826
7,8,-0.8,50176
7,8,-0.6,57463
7,8,-0.4,64722
7,8,-0.2,66192
7,8,0.0,65478
7,8,0.2,61859
7,8,0.4,61397
7,8,0.6,50589
7,8,0.8,44562
7,8,1.0,36050
7,8,1.2,28805
7,8,1.4,21287
7,8,1.6,14623
7,8,1.8,10563
7,8,2.0,6741
7,8,2.2,4389
7,8,2.4,2310
7,8,2.6,2037
7,8,2.8,966
7,8,3.0,336
7,8,3.2,168
7,8,3.4,168
7,8,3.6,49
7,8,3.8,0
7,8,4.0,42
7,8,4.2,21
7,8,4.4,0
7,8,4.6,0
7,8,4.8,0
7,8,5.0,0
7,8,5.2,0
7,8,5.4,0
7,8,5.6,0
7,8,5.8,0
7,9,-6.0,0
7,9,-5.8,0
7,9,-5.6,0
7,9,-5.4,0
7,9,-5.2,0
7,9,-5.0,0
7,9,-4.8,42
7,9,-4.6,0
7,9,-4.4,84
7,9,-4.2,168
7,9,-4.0,273
7,9,-3.8,504
7,9,-3.6,693
7,9,-3.4,1911
7,9,-3.2,3416
7,9,-3.0,6629
7,9,-2.8,11697
7,9,-2.6,19383
7,9,-2.4,32067
7,9,-2.2,50995
7,9,-2.0,74158
7,9,-1.8,105686
7,9,-1.6,144739
7,9,-1.4,191527
7,9,-1.2,248654
7,9,-1.0,306320
7,9,-0.8,366170
7,9,-0.6,411656
7,9,-0.4,441945
7,9,-0.2,462420
7,9,0.0,456246
7,9,0.2,447188
7,9,0.4,412370
7,9,0.6,362516
7,9,0.8,311339
7,9,1.0,247884
7,9,1.2,198450
7,9,1.4,146685
7,9,1.6,104825
7,9,1.8,72219
7,9,2.0,47600
7,9,2.2,33285
7,9,2.4,18200
7,9,2.6,11060
7,9,2.8,6041
7,9,3.0,3605
7,9,3.2,2142
7,9,3.4,1176
7,9,3.6,462
7,9,3.8,56
7,9,4.0,168
7,9,4.2,126
7,9,4.4,21
7,9,4.6,0
7,9,4.8,0
7,9,5.0,0
7,9,5.2,0
7,9,5.4,0
7,9,5.6,0
7,9,5.8,0
7,10,-6.0,0
7,10,-5.8,0
7,10,-5.6,0
7,10,-5.4,0
7,10,-5.2,14
7,10,-5.0,0
7,10,-4.8,0
7,10,-4.6,63
7,10,-4.4,266
7,10,-4.2,476
7,10,-4.0,1001
7,10,-3.8,2625
7,10,-3.6,6783
7,10,-3.4,14126
7,10,-3.2,25977
7,10,-3.0,46095
7,10,-2.8,78421
7,10,-2.6,136108
7,10,-2.4,222712
7,10,-2.2,343651
7,10,-2.0,519729
7,10,-1.8,743155
7,10,-1.6,1027054
7,10,-1.4,1361507
7,10,-1.2,1747235
7,10,-1.0,2158464
7,10,-0.8,2540587
7,10,-0.6,2851968
7,10,-0.4,3110954
7,10,-0.2,3258766
7,10,0.0,3231774
7,10,0.2,3110016
7,10,0.4,2847432
7,10,0.6,2529569
7,10,0.8,2139984
7,10,1.0,1749321
7,10,1.2,1375038
7,10,1.4,1029742
7,10,1.6,743946
7,10,1.8,520905
7,10,2.0,346325
7,10,2.2,218386
7,10,2.4,135457
7,10,2.6,83692
7,10,2.8,44786
7,10,3.0,24388
7,10,3.2,13706
7,10,3.4,6160
7,10,3.6,2478
7,10,3.8,1428
7,10,4.0,644
7,10,4.2,378
7,10,4.4,105
7,10,4.6,126
7,10,4.8,7
7,10,5.0,63
7,10,5.2,14
7,10,5.4,0
7,10,5.6,0
7,10,5.8,0
8,2,-6.0,0
8,2,-5.8,0
8,2,-5.6,0
8,2,-5.4,0
8,2,-5.2,0
8,2,-5.0,0
8,2,-4.8,0
8,2,-4.6,0
8,2,-4.4,0
8,2,-4.2,0
8,2,-4.0,0
8,2,-3.8,0
8,2,-3.6,0
8,2,-3.4,0
8,2,-3.2,0
8,2,-3.0,0
8,2,-2.8,0
8,2,-2.6,0
8,2,-2.4,0
8,2,-2.2,0
8,2,-2.0,0
8,2,-1.8,0
8,2,-1.6,0
8,2,-1.4,0
8,2,-1.2,0
8,2,-1.0,0
8,2,-0.8,0
8,2,-0.6,0
8,2,-0.4,0
8,2,-0.2,0
8,2,0.0,1
8,2,0.2,0
8,2,0.4,0
8,2,0.6,0
8,2,0.8,0
8,2,1.0,0
8,2,1.2,0
8,2,1.4,0
8,2,1.6,0
8,2,1.8,0
8,2,2.0,0
8,2,2.2,0
8,2,2.4,0
8,2,2.6,0
8,2,2.8,0
8,2,3.0,0
8,2,3.2,0
8,2,3.4,0
8,2,3.6,0
8,2,3.8,0
8,2,4.0,0
8,2,4.2,0
8,2,4.4,0
8,2,4.6,0
8,2,4.8,0
8,2,5.0,0
8,2,5.2,0
8,2,5.4,0
8,2,5.6,0
8,2,5.8,0
8,3,-6.0,0
8,3,-5.8,0
8,3,-5.6,0
8,3,-5.4,0
8,3,-5.2,0
8,3,-5.0,0
8,3,-4.8,0
8,3,-4.6,0
8,3,-4.4,0
8,3,-4.2,0
8,3,-4.0,0
8,3,-3.8,0
8,3,-3.6,0
8,3,-3.4,0
8,3,-3.2,0
8,3,-3.0,0
8,3,-2.8,0
8,3,-2.6,0
8,3,-2.4,0
8,3,-2.2,0
8,3,-2.0,0
8,3,-1.8,0
8,3,-1.6,0
8,3,-1.4,0
8,3,-1.2,0
8,3,-1.0,0
8,3,-0.8,0
8,3,-0.6,0
8,3,-0.4,0
8,3,-0.2,0
8,3,0.0,8
8,3,0.2,0
8,3,0.4,0
8,3,0.6,0
8,3,0.8,0
8,3,1.0,0
8,3,1.2,0
8,3,1.4,0
8,3,1.6,0
8,3,1.8,0
8,3,2.0,0
8,3,2.2,0
8,3,2.4,0
8,3,2.6,0
8,3,2.8,0
8,3,3.0,0
8,3,3.2,0
8,3,3.4,0
8,3,3.6,0
8,3,3.8,0
8,3,4.0,0
8,3,4.2,0
8,3,4.4,0
8,3,4.6,0
8,3,4.8,0
8,3,5.0,0
8,3,5.2,0
8,3,5.4,0
8,3,5.6,0
8,3,5.8,0
8,4,-6.0,0
8,4,-5.8,0
8,4,-5.6,0
8,4,-5.4,0
8,4,-5.2,0
8,4,-5.0,0
8,4,-4.8,0
8,4,-4.6,0
8,4,-4.4,0
8,4,-4.2,0
8,4,-4.0,0
8,4,-3.8,0
8,4,-3.6,0
8,4,-3.4,0
8,4,-3.2,0
8,4,-3.0,0
8,4,-2.8,0
8,4,-2.6,0
8,4,-2.4,0
8,4,-2.2,0
8,4,-2.0,7
8,4,-1.8,0
8,4,-1.6,0
8,4,-1.4,0
8,4,-1.2,0
8,4,-1.0,0
8,4,-0.8,0
8,4,-0.6,0
8,4,-0.4,0
8,4,-0.2,0
8,4,0.0,0
8,4,0.2,0
8,4,0.4,0
8,4,0.6,0
8,4,0.8,0
8,4,1.0,0
8,4,1.2,0
8,4,1.4,0
8,4,1.6,0
8,4,1.8,0
8,4,2.0,0
8,4,2.2,0
8,4,2.4,0
8,4,2.6,0
8,4,2.8,0
8,4,3.0,0
8,4,3.2,0
8,4,3.4,0
8,4,3.6,0
8,4,3.8,0
8,4,4.0,0
8,4,4.2,0
8,4,4.4,0
8,4,4.6,0
8,4,4.8,0
8,4,5.0,0
8,4,5.2,0
8,4,5.4,0
8,4,5.6,0
8,4,5.8,0
8,5,-6.0,0
8,5,-5.8,0
8,5,-5.6,0
8,5,-5.4,0
8,5,-5.2,0
8,5,-5.0,8
8,5,-4.8,0
8,5,-4.6,0
8,5,-4.4,0
8,5,-4.2,0
8,5,-4.0,0
8,5,-3.8,0
8,5,-3.6,0
8,5,-3.4,0
8,5,-3.2,0
8,5,-3.0,0
8,5,-2.8,0
8,5,-2.6,0
8,5,-2.4,0
8,5,-2.2,0
8,5,-2.0,0
8,5,-1.8,0
8,5,-1.6,0
8,5,-1.4,0
8,5,-1.2,0
8,5,-1.0,0
8,5,-0.8,0
8,5,-0.6,0
8,5,-0.4,0
8,5,-0.2,0
8,5,0.0,0
8,5,0.2,0
8,5,0.4,0
8,5,0.6,0
8,5,0.8,0
8,5,1.0,0
8,5,1.2,56
8,5,1.4,0
8,5,1.6,0
8,5,1.8,0
8,5,2.0,0
8,5,2.2,0
8,5,2.4,0
8,5,2.6,0
8,5,2.8,0
8,5,3.0,0
8,5,3.2,0
8,5,3.4,0
8,5,3.6,0
8,5,3.8,0
8,5,4.0,0
8,5,4.2,0
8,5,4.4,0
8,5,4.6,0
8,5,4.8,0
8,5,5.0,0
8,5,5.2,0
8,5,5.4,0
8,5,5.6,0
8,5,5.8,0
8,6,-6.0,0
8,6,-5.8,0
8,6,-5.6,0
8,6,-5.4,0
8,6,-5.2,0
8,6,-5.0,0
8,6,-4.8,0
8,6,-4.6,0
8,6,-4.4,0
8,6,-4.2,0
8,6,-4.0,0
8,6,-3.8,0
8,6,-3.6,0
8,6,-3.4,0
8,6,-3.2,0
8,6,-3.0,0
8,6,-2.8,0
8,6,-2.6,0
8,6,-2.4,0
8,6,-2.2,0
8,6,-2.0,0
8,6,-1.8,0
8,6,-1.6,0
8,6,-1.4,0
8,6,-1.2,28
8,6,-1.0,0
8,6,-0.8,0
8,6,-0.6,0
8,6,-0.4,0
8,6,-0.2,0
8,6,0.0,0
8,6,0.2,0
8,6,0.4,28
8,6,0.6,0
8,6,0.8,0
8,6,1.0,0
8,6,1.2,0
8,6,1.4,0
8,6,1.6,0
8,6,1.8,0
8,6,2.0,0
8,6,2.2,0
8,6,2.4,0
8,6,2.6,0
8,6,2.8,0
8,6,3.0,0
8,6,3.2,0
8,6,3.4,0
8,6,3.6,0
8,6,3.8,0
8,6,4.0,0
8,6,4.2,0
8,6,4.4,0
8,6,4.6,0
8,6,4.8,0
8,6,5.0,0
8,6,5.2,0
8,6,5.4,0
8,6,5.6,0
8,6,5.8,0
8,7,-6.0,0
8,7,-5.8,0
8,7,-5.6,0
8,7,-5.4,0
8,7,-5.2,0
8,7,-5.0,0
8,7,-4.8,0
8,7,-4.6,0
8,7,-4.4,0
8,7,-4.2,0
8,7,-4.0,0
8,7,-3.8,0
8,7,-3.6,0
8,7,-3.4,0
8,7,-3.2,0
8,7,-3.0,0
8,7,-2.8,0
8,7,-2.6,0
8,7,-2.4,0
8,7,-2.2,0
8,7,-2.0,0
8,7,-1.8,0
8,7,-1.6,0
8,7,-1.4,56
8,7,-1.2,0
8,7,-1.0,56
8,7,-0.8,0
8,7,-0.6,0
8,7,-0.4,168
8,7,-0.2,0
8,7,0.0,0
8,7,0.2,0
8,7,0.4,8
8,7,0.6,56
8,7,0.8,0
8,7,1.0,0
8,7,1.2,0
8,7,1.4,0
8,7,1.6,0
8,7,1.8,0
8,7,2.0,168
8,7,2.2,0
8,7,2.4,0
8,7,2.6,0
8,7,2.8,0
8,7,3.0,0
8,7,3.2,0
8,7,3.4,0
8,7,3.6,0
8,7,3.8,0
8,7,4.0,0
8,7,4.2,0
8,7,4.4,0
8,7,4.6,0
8,7,4.8,0
8,7,5.0,0
8,7,5.2,0
8,7,5.4,0
8,7,5.6,0
8,7,5.8,0
8,8,-6.0,7
8,8,-5.8,0
8,8,-5.6,0
8,8,-5.4,0
8,8,-5.2,0
8,8,-5.0,0
8,8,-4.8,0
8,8,-4.6,0
8,8,-4.4,0
8,8,-4.2,0
8,8,-4.0,0
8,8,-3.8,0
8,8,-3.6,0
8,8,-3.4,0
8,8,-3.2,0
8,8,-3.0,0
8,8,-2.8,0
8,8,-2.6,0
8,8,-2.4,0
8,8,-2.2,0
8,8,-2.0,0
8,8,-1.8,0
8,8,-1.6,0
8,8,-1.4,0
8,8,-1.2,0
8,8,-1.0,0
8,8,-0.8,7
8,8,-0.6,0
8,8,-0.4,56
8,8,-0.2,0
8,8,0.0,0
8,8,0.2,168
8,8,0.4,56
8,8,0.6,168
8,8,0.8,0
8,8,1.0,0
8,8,1.2,21
8,8,1.4,0
8,8,1.6,0
8,8,1.8,0
8,8,2.0,0
8,8,2.2,0
8,8,2.4,0
8,8,2.6,0
8,8,2.8,0
8,8,3.0,0
8,8,3.2,21
8,8,3.4,0
8,8,3.6,0
8,8,3.8,0
8,8,4.0,0
8,8,4.2,0
8,8,4.4,0
8,8,4.6,0
8,8,4.8,0
8,8,5.0,0
8,8,5.2,0
8,8,5.4,7
8,8,5.6,0
8,8,5.8,0
8,9,-6.0,0
8,9,-5.8,0
8,9,-5.6,0
8,9,-5.4,0
8,9,-5.2,0
8,9,-5.0,0
8,9,-4.8,0
8,9,-4.6,0
8,9,-4.4,0
8,9,-4.2,0
8,9,-4.0,0
8,9,-3.8,0
8,9,-3.6,0
8,9,-3.4,0
8,9,-3.2,0
8,9,-3.0,0
8,9,-2.8,56
8,9,-2.6,0
8,9,-2.4,0
8,9,-2.2,56
8,9,-2.0,0
8,9,-1.8,168
8,9,-1.6,168
8,9,-1.4,504
8,9,-1.2,336
8,9,-1.0,336
8,9,-0.8,0
8,9,-0.6,224
8,9,-0.4,336
8,9,-0.2,224
8,9,0.0,336
8,9,0.2,168
8,9,0.4,0
8,9,0.6,168
8,9,0.8,168
8,9,1.0,168
8,9,1.2,224
8,9,1.4,168
8,9,1.6,0
8,9,1.8,56
8,9,2.0,168
8,9,2.2,56
8,9,2.4,0
8,9,2.6,0
8,9,2.8,0
8,9,3.0,0
8,9,3.2,0
8,9,3.4,0
8,9,3.6,0
8,9,3.8,0
8,9,4.0,0
8,9,4.2,0
8,9,4.4,0
8,9,4.6,0
8,9,4.8,0
8,9,5.0,0
8,9,5.2,0
8,9,5.4,0
8,9,5.6,0
8,9,5.8,0
9,2,-6.0,0
9,2,-5.8,0
9,2,-5.6,0
9,2,-5.4,0
9,2,-5.2,0
9,2,-5.0,0
9,2,-4.8,0
9,2,-4.6,0
9,2,-4.4,0
9,2,-4.2,0
9,2,-4.0,0
9,2,-3.8,0
9,2,-3.6,0
9,2,-3.4,0
9,2,-3.2,0
9,2,-3.0,0
9,2,-2.8,0
9,2,-2.6,0
9,2,-2.4,0
9,2,-2.2,0
9,2,-2.0,0
9,2,-1.8,0
9,2,-1.6,0
9,2,-1.4,0
9,2,-1.2,0
9,2,-1.0,0
9,2,-0.8,0
9,2,-0.6,0
9,2,-0.4,0
9,2,-0.2,0
9,2,0.0,9
9,2,0.2,0
9,2,0.4,0
9,2,0.6,0
9,2,0.8,0
9,2,1.0,0
9,2,1.2,0
9,2,1.4,0
9,2,1.6,0
9,2,1.8,0
9,2,2.0,0
9,2,2.2,0
9,2,2.4,0
9,2,2.6,0
9,2,2.8,0
9,2,3.0,0
9,2,3.2,0
9,2,3.4,0
9,2,3.6,0
9,2,3.8,0
9,2,4.0,0
9,2,4.2,0
9,2,4.4,0
9,2,4.6,0
9,2,4.8,0
9,2,5.0,0
9,2,5.2,0
9,2,5.4,0
9,2,5.6,0
9,2,5.8,0
9,3,-6.0,0
9,3,-5.8,0
9,3,-5.6,0
9,3,-5.4,0
9,3,-5.2,0
9,3,-5.0,0
9,3,-4.8,0
9,3,-4.6,0
9,3,-4.4,0
9,3,-4.2,0
9,3,-4.0,0
9,3,-3.8,0
9,3,-3.6,0
9,3,-3.4,0
9,3,-3.2,0
9,3,-3.0,0
9,3,-2.8,0
9,3,-2.6,0
9,3,-2.4,0
9,3,-2.2,0
9,3,-2.0,0
9,3,-1.8,0
9,3,-1.6,0
9,3,-1.4,0
9,3,-1.2,0
9,3,-1.0,0
9,3,-0.8,0
9,3,-0.6,0
9,3,-0.4,0
9,3,-0.2,0
9,3,0.0,72
9,3,0.2,0
9,3,0.4,0
9,3,0.6,0
9,3,0.8,0
9,3,1.0,8
9,3,1.2,0
9,3,1.4,0
9,3,1.6,0
9,3,1.8,0
9,3,2.0,0
9,3,2.2,0
9,3,2.4,0
9,3,2.6,0
9,3,2.8,0
9,3,3.0,0
9,3,3.2,0
9,3,3.4,0
9,3,3.6,0
9,3,3.8,0
9,3,4.0,0
9,3,4.2,0
9,3,4.4,0
9,3,4.6,0
9,3,4.8,0
9,3,5.0,0
9,3,5.2,0
9,3,5.4,0
9,3,5.6,0
9,3,5.8,0
9,4,-6.0,0
9,4,-5.8,0
9,4,-5.6,0
9,4,-5.4,0
9,4,-5.2,0
9,4,-5.0,0
9,4,-4.8,0
9,4,-4.6,0
9,4,-4.4,0
9,4,-4.2,0
9,4,-4.0,0
9,4,-3.8,0
9,4,-3.6,0
9,4,-3.4,0
9,4,-3.2,0
9,4,-3.0,0
9,4,-2.8,0
9,4,-2.6,0
9,4,-2.4,72
9,4,-2.2,0
9,4,-2.0,0
9,4,-1.8,0
9,4,-1.6,0
9,4,-1.4,0
9,4,-1.2,36
9,4,-1.0,0
9,4,-0.8,0
9,4,-0.6,0
9,4,-0.4,72
9,4,-0.2,144
9,4,0.0,72
9,4,0.2,144
9,4,0.4,0
9,4,0.6,0
9,4,0.8,144
9,4,1.0,36
9,4,1.2,0
9,4,1.4,0
9,4,1.6,0
9,4,1.8,9
9,4,2.0,0
9,4,2.2,0
9,4,2.4,0
9,4,2.6,0
9,4,2.8,0
9,4,3.0,0
9,4,3.2,0
9,4,3.4,0
9,4,3.6,0
9,4,3.8,0
9,4,4.0,0
9,4,4.2,0
9,4,4.4,0
9,4,4.6,0
9,4,4.8,0
9,4,5.0,0
9,4,5.2,0
9,4,5.4,0
9,4,5.6,0
9,4,5.8,0
9,5,-6.0,0
9,5,-5.8,18
9,5,-5.6,0
9,5,-5.4,0
9,5,-5.2,0
9,5,-5.0,0
9,5,-4.8,0
9,5,-4.6,0
9,5,-4.4,0
9,5,-4.2,0
9,5,-4.0,0
9,5,-3.8,0
9,5,-3.6,0
9,5,-3.4,0
9,5,-3.2,0
9,5,-3.0,0
9,5,-2.8,0
9,5,-2.6,0
9,5,-2.4,0
9,5,-2.2,0
9,5,-2.0,0
9,5,-1.8,72
9,5,-1.6,0
9,5,-1.4,0
9,5,-1.2,648
9,5,-1.0,900
9,5,-0.8,468
9,5,-0.6,576
9,5,-0.4,432
9,5,-0.2,738
9,5,0.0,144
9,5,0.2,180
9,5,0.4,765
9,5,0.6,360
9,5,0.8,360
9,5,1.0,216
9,5,1.2,216
9,5,1.4,252
9,5,1.6,0
9,5,1.8,0
9,5,2.0,72
9,5,2.2,0
9,5,2.4,0
9,5,2.6,0
9,5,2.8,144
9,5,3.0,0
9,5,3.2,0
9,5,3.4,0
9,5,3.6,0
9,5,3.8,0
9,5,4.0,0
9,5,4.2,0
9,5,4.4,0
9,5,4.6,0
9,5,4.8,0
9,5,5.0,0
9,5,5.2,0
9,5,5.4,0
9,5,5.6,0
9,5,5.8,0
9,6,-6.0,0
9,6,-5.8,0
9,6,-5.6,0
9,6,-5.4,0
9,6,-5.2,0
9,6,-5.0,0
9,6,-4.8,0
9,6,-4.6,0
9,6,-4.4,0
9,6,-4.2,0
9,6,-4.0,0
9,6,-3.8,0
9,6,-3.6,72
9,6,-3.4,72
9,6,-3.2,168
9,6,-3.0,18
9,6,-2.8,288
9,6,-2.6,144
9,6,-2.4,624
9,6,-2.2,900
9,6,-2.0,732
9,6,-1.8,1836
9,6,-1.6,594
9,6,-1.4,2160
9,6,-1.2,2352
9,6,-1.0,3480
9,6,-0.8,3024
9,6,-0.6,2952
9,6,-0.4,5256
9,6,-0.2,4032
9,6,0.0,4488
9,6,0.2,4284
9,6,0.4,5304
9,6,0.6,3528
9,6,0.8,3024
9,6,1.0,2736
9,6,1.2,1656
9,6,1.4,1080
9,6,1.6,1908
9,6,1.8,720
9,6,2.0,576
9,6,2.2,216
9,6,2.4,216
9,6,2.6,288
9,6,2.8,96
9,6,3.0,192
9,6,3.2,0
9,6,3.4,0
9,6,3.6,0
9,6,3.8,0
9,6,4.0,0
9,6,4.2,0
9,6,4.4,0
9,6,4.6,0
9,6,4.8,0
9,6,5.0,0
9,6,5.2,24
9,6,5.4,0
9,6,5.6,0
9,6,5.8,0
9,7,-6.0,0
9,7,-5.8,0
9,7,-5.6,0
9,7,-5.4,0
9,7,-5.2,0
9,7,-5.0,0
9,7,-4.8,0
9,7,-4.6,0
9,7,-4.4,0
9,7,-4.2,0
9,7,-4.0,72
9,7,-3.8,0
9,7,-3.6,54
9,7,-3.4,216
9,7,-3.2,0
9,7,-3.0,1008
9,7,-2.8,504
9,7,-2.6,1386
9,7,-2.4,2988
9,7,-2.2,4896
9,7,-2.0,5652
9,7,-1.8,10224
9,7,-1.6,14913
9,7,-1.4,17136
9,7,-1.2,21492
9,7,-1.0,28980
9,7,-0.8,33300
9,7,-0.6,38664
9,7,-0.4,37764
9,7,-0.2,47268
9,7,0.0,42984
9,7,0.2,44424
9,7,0.4,36144
9,7,0.6,33696
9,7,0.8,26784
9,7,1.0,18900
9,7,1.2,21240
9,7,1.4,13212
9,7,1.6,9432
9,7,1.8,7272
9,7,2.0,3708
9,7,2.2,3168
9,7,2.4,2088
9,7,2.6,720
9,7,2.8,432
9,7,3.0,396
9,7,3.2,108
9,7,3.4,144
9,7,3.6,0
9,7,3.8,0
9,7,4.0,36
9,7,4.2,0
9,7,4.4,0
9,7,4.6,0
9,7,4.8,0
9,7,5.0,36
9,7,5.2,0
9,7,5.4,0
9,7,5.6,0
9,7,5.8,0
9,8,-6.0,0
9,8,-5.8,0
9,8,-5.6,0
9,8,-5.4,0
9,8,-5.2,0
9,8,-5.0,72
9,8,-4.8,0
9,8,-4.6,0
9,8,-4.4,216
9,8,-4.2,288
9,8,-4.0,144
9,8,-3.8,216
9,8,-3.6,432
9,8,-3.4,1440
9,8,-3.2,2736
9,8,-3.0,6768
9,8,-2.8,11268
9,8,-2.6,14040
9,8,-2.4,24840
9,8,-2.2,40500
9,8,-2.0,62460
9,8,-1.8,84996
9,8,-1.6,128268
9,8,-1.4,158274
9,8,-1.2,207864
9,8,-1.0,260064
9,8,-0.8,302328
9,8,-0.6,346356
9,8,-0.4,365148
9,8,-0.2,380700
9,8,0.0,382176
9,8,0.2,365292
9,8,0.4,333360
9,8,0.6,300276
9,8,0.8,247320
9,8,1.0,208314
9,8,1.2,157680
9,8,1.4,126504
9,8,1.6,92844
9,8,1.8,64368
9,8,2.0,41292
9,8,2.2,24624
9,8,2.4,17100
9,8,2.6,10512
9,8,2.8,5940
9,8,3.0,2268
9,8,3.2,1872
9,8,3.4,1224
9,8,3.6,216
9,8,3.8,0
9,8,4.0,288
9,8,4.2,72
9,8,4.4,0
9,8,4.6,0
9,8,4.8,0
9,8,5.0,0
9,8,5.2,0
9,8,5.4,0
9,8,5.6,0
9,8,5.8,9
