q,d,l,n,F,CUE,diagonal_exact
2,20,19,1,0.999998092647729,1,0.9999980926477292
2,20,19,2,1.4999952316193226,2,1.499995231619323
2,20,19,3,2.4999895095625098,3,2.4999895095625106
2,20,19,4,3.374975919677581,4,3.3749759196775813
2,20,19,5,4.749948024650622,5,4.749948024650621
2,20,19,6,5.437388300682641,6,5.437388300682642
2,20,19,7,6.90601903156096,7,6.906019031560958
2,20,19,8,7.710463925292827,8,7.710463925292826
2,20,19,9,8.897477908092325,9,8.897477908092323
2,20,19,10,9.81837810207005,10,9.81837810207005
2,20,19,11,10.986349079797904,11,10.986349079797897
2,20,19,12,11.866233570544377,12,11.866233570544377
2,20,19,13,12.981470072689193,13,12.981470072689195
2,20,19,14,13.911891769202745,14,13.911891769202747
2,20,19,15,14.925321436541436,15,14.925321436541436
2,20,19,16,15.842651067068227,16,15.842651067068228
2,20,19,17,16.749787807059874,17,16.749787807059874
2,20,19,18,17.47966285641262,18,17.479662856412613
2,20,19,19,17.99996566765913,18,17.999965667659126
2,20,19,20,17.989910106487486,18,
2,20,19,21,16.999120710603158,18,
2,20,19,22,17.31157076181557,18,
2,20,19,23,16.98547122091526,18,
2,20,19,24,16.98641226084187,18,
2,20,19,25,17.12709367674574,18,
2,20,19,26,16.942335793658817,18,
2,20,19,27,17.02266518624341,18,
2,20,19,28,16.994476874068972,18,
2,20,19,29,16.9841726716474,18,
2,20,19,30,17.07760620018234,18,
2,20,19,31,17.006774432839872,18,
2,20,19,32,17.010077586992548,18,
2,20,19,33,17.000253433379374,18,
2,20,19,34,17.130375326153512,18,
2,20,19,35,16.905429935148458,18,
2,20,19,36,17.02807171152985,18,
2,20,19,37,16.9381687020308,18,
2,20,19,38,17.025449644828562,18,
2,20,19,39,17.071761261888494,18,
2,20,19,40,16.961373785862598,18,
2,20,19,41,16.9863760352823,18,
2,20,19,42,17.081631915824378,18,
2,20,19,43,16.910377446627436,18,
2,20,19,44,17.056555128109448,18,
2,20,19,45,17.06670992855616,18,
2,20,19,46,16.99564211847552,18,
2,20,19,47,16.98350322650527,18,
2,20,19,48,17.107231885310004,18,
2,20,19,49,16.950395440203792,18,
2,20,19,50,17.029998551329687,18,
2,20,19,51,17.03342692378826,18,
2,20,19,52,17.054959500427632,18,
2,20,19,53,16.975605537993175,18,
2,20,19,54,17.073330036534397,18,
2,20,19,55,16.94211625015509,18,
2,20,19,56,17.032768358213307,18,
2,20,19,57,16.98639332235364,18,
3,13,12,1,0.9999962366400719,1,0.9999962366400723
3,13,12,2,1.6666528676802645,2,1.666652867680265
3,13,12,3,2.77773219930754,3,2.777732199307542
3,13,12,4,3.7405953635405678,4,3.740595363540569
3,13,12,5,4.950169351196745,5,4.950169351196749
3,13,12,6,5.8463758843895794,6,5.846375884389583
3,13,12,7,6.987667469516784,7,6.987667469516785
3,13,12,8,7.935085804606353,8,7.935085804606352
3,13,12,9,8.954444528074664,9,8.954444528074665
3,13,12,10,9.867315219027546,10,9.867315219027548
3,13,12,11,10.666517386722866,11,10.666517386722866
3,13,12,12,10.990497516182451,11,10.990497516182447
3,13,12,13,10.794370013548095,11,
3,13,12,14,10.593453008179036,11,
3,13,12,15,10.567586180942342,11,
3,13,12,16,10.549036440474795,11,
3,13,12,17,10.437609346513455,11,
3,13,12,18,10.505290308372494,11,
3,13,12,19,10.558509524656145,11,
3,13,12,20,10.54452338208046,11,
3,13,12,21,10.449313757253892,11,
3,13,12,22,10.539468194509347,11,
3,13,12,23,10.54171208911893,11,
3,13,12,24,10.573360584969187,11,
3,13,12,25,10.419298519184416,11,
3,13,12,26,10.498674814224735,11,
3,13,12,27,10.481289130699405,11,
3,13,12,28,10.4825712146103,11,
3,13,12,29,10.544252379325505,11,
3,13,12,30,10.461503022560327,11,
3,13,12,31,10.468262020304923,11,
3,13,12,32,10.504611913376113,11,
3,13,12,33,10.50092009307967,11,
3,13,12,34,10.460955762588226,11,
3,13,12,35,10.472012302830496,11,
3,13,12,36,10.551030095269633,11,
4,10,9,1,0.999988555864547,1,0.9999885558645472
4,10,9,2,1.749945640356599,2,1.7499456403565992
4,10,9,3,2.8747668257401497,3,2.8747668257401493
4,10,9,4,3.8584131561781163,4,3.8584131561781163
4,10,9,5,4.980487749052997,5,4.9804877490529975
4,10,9,6,5.923850722697155,6,5.9238507226971535
4,10,9,7,6.936061615225277,7,6.936061615225277
4,10,9,8,7.733855185909981,8,7.73385518590998
4,10,9,9,7.9985351506620415,8,7.998535150662043
4,10,9,10,7.934241997688285,8,
4,10,9,11,7.745247822753231,8,
4,10,9,12,7.701608473237889,8,
4,10,9,13,7.5533983360227035,8,
4,10,9,14,7.798018519472198,8,
4,10,9,15,7.66009406721713,8,
4,10,9,16,7.837985419098546,8,
4,10,9,17,7.502814184433687,8,
4,10,9,18,7.7330352147223795,8,
4,10,9,19,7.653618702406255,8,
4,10,9,20,7.693004291779902,8,
4,10,9,21,7.552091468699888,8,
4,10,9,22,7.684870752575205,8,
4,10,9,23,7.816914011456635,8,
4,10,9,24,7.931127329621708,8,
4,10,9,25,7.453599029722887,8,
4,10,9,26,7.582095839070834,8,
4,10,9,27,7.64108523704226,8,
5,9,8,1,0.9999897599737857,1,0.9999897599737856
5,9,8,2,1.799940607847957,2,1.799940607847956
5,9,8,3,2.9196874743999346,3,2.9196874743999346
5,9,8,4,3.9104100106496262,4,3.910410010649627
5,9,8,5,4.985612763168673,5,4.985612763168674
5,9,8,6,5.930255181453265,6,5.930255181453265
5,9,8,7,6.799633407061523,7,6.799633407061522
5,9,8,8,6.993477103301383,7,6.993477103301385
5,9,8,9,6.863684771033013,7,
5,9,8,10,6.860971164086181,7,
5,9,8,11,6.725675841730155,7,
5,9,8,12,6.791065208486935,7,
5,9,8,13,6.797280494798065,7,
5,9,8,14,6.6829866961579425,7,
5,9,8,15,6.817711067420332,7,
5,9,8,16,6.640910451380357,7,
5,9,8,17,6.630023115917096,7,
5,9,8,18,6.8863005134758755,7,
5,9,8,19,6.801856673449658,7,
5,9,8,20,6.756484162202016,7,
5,9,8,21,6.796887717329403,7,
5,9,8,22,6.838569231461291,7,
5,9,8,23,6.632059865705906,7,
5,9,8,24,6.675145449204946,7,
7,8,7,1,0.9999927143970793,1,0.9999927143970799
7,8,7,2,1.8570856131199134,2,1.8570856131199138
7,8,7,3,2.958770773075325,3,2.958770773075326
7,8,7,4,3.9533575701057138,4,3.953357570105714
7,8,7,5,4.97793190875511,5,4.977931908755109
7,8,7,6,5.846856626620134,6,5.846856626620136
7,8,7,7,5.99995628638248,6,5.99995628638248
7,8,7,8,5.903567759749957,6,
7,8,7,9,5.703324004292265,6,
7,8,7,10,5.861062660199632,6,
7,8,7,11,5.923628465602534,6,
7,8,7,12,5.719171692673171,6,
7,8,7,13,5.950976182338428,6,
7,8,7,14,5.863780344843397,6,
7,8,7,15,5.790804684902064,6,
7,8,7,16,5.870133936109989,6,
7,8,7,17,5.815995219853524,6,
7,8,7,18,5.893272414512144,6,
7,8,7,19,5.8325854395405425,6,
7,8,7,20,5.845893012049635,6,
7,8,7,21,5.72944933457925,6,
8,7,6,1,0.9999732970172766,1,0.9999732970172768
8,7,6,2,1.8747630110283318,2,1.8747630110283318
8,7,6,3,2.966808192475099,3,2.9668081924750993
8,7,6,4,3.951186947582045,4,3.9511869475820447
8,7,6,5,4.874042030494807,5,4.874042030494806
8,7,6,6,4.993244145371038,5,4.993244145371038
8,7,6,7,4.681940772784321,5,
8,7,6,8,4.846057304600927,5,
8,7,6,9,4.886959598387141,5,
8,7,6,10,4.932671766936369,5,
8,7,6,11,5.038560775988679,5,
8,7,6,12,4.574613557771904,5,
8,7,6,13,4.945563466314188,5,
8,7,6,14,4.956981338370186,5,
8,7,6,15,4.8359907103869615,5,
8,7,6,16,4.839958228607576,5,
8,7,6,17,4.777640163865047,5,
8,7,6,18,4.959890214689376,5,
9,7,6,1,0.999984946560289,1,0.999984946560289
9,7,6,2,1.8887400270961905,2,1.8887400270961914
9,7,6,3,2.9739424958603027,3,2.973942495860304
9,7,6,4,3.9615986752973025,4,3.9615986752973056
9,7,6,5,4.888288423904862,5,4.8882884239048625
9,7,6,6,4.995318380249887,5,4.995318380249887
9,7,6,7,4.9490892668974835,5,
9,7,6,8,4.940808202452037,5,
9,7,6,9,4.9139863180959065,5,
9,7,6,10,4.960379532525652,5,
9,7,6,11,4.89150376841904,5,
9,7,6,12,4.964018871933632,5,
9,7,6,13,4.69165517009251,5,
9,7,6,14,4.79744338451393,5,
9,7,6,15,4.857493619954861,5,
9,7,6,16,5.047147389462046,5,
9,7,6,17,4.795469640225601,5,
9,7,6,18,4.985894277117367,5,
