q,d,p,mode,intervals_total,orbits_examined,intervals_examined,min_N_irr,max_N_irr,main_term,min_ratio,max_ratio,mean_Lambda_over_q^(d+1),var_Lambda_over_q^(d+1),KR_prediction_d-2,min_Z,classical_bound_applies(q>d)
2,2,2,all,1,1,1,1,1,2.0,0.5,0.5,1.0,0.0,0,0.0,0
2,3,2,all,2,1,2,2,2,2.666667,0.75,0.75,1.0,0.0,1,0.0,0
2,4,2,all,2,2,2,2,2,4.0,0.5,0.5,0.75,2.0,2,-1.0,0
2,5,2,all,4,2,4,5,7,6.4,0.78125,1.09375,1.0625,1.25,3,-0.288675,0
2,6,2,all,4,3,4,4,12,10.666667,0.375,1.125,1.0625,15.5625,4,-3.005204,0
2,7,2,all,8,4,8,13,21,18.285714,0.710938,1.148438,1.046875,7.71875,5,-1.677051,0
2,8,2,all,8,6,8,28,32,32.0,0.875,1.0,0.96875,1.59375,6,-0.721688,0
2,9,2,all,16,8,16,47,59,56.888889,0.826172,1.037109,0.980469,5.770508,7,-1.570915,0
2,10,2,all,16,10,16,92,111,102.4,0.898438,1.083984,1.027344,7.905762,8,-1.15625,0
2,11,2,all,32,16,32,167,205,186.181818,0.896973,1.101074,0.998535,15.347168,9,-1.796875,0
2,12,2,all,32,20,32,296,376,341.333333,0.867188,1.101562,0.983887,20.738403,10,-3.591684,0
2,13,2,all,64,32,64,593,663,630.153846,0.94104,1.052124,1.004395,11.467285,11,-1.938624,0
2,14,2,all,64,36,64,1102,1223,1170.285714,0.94165,1.045044,0.999451,17.369339,12,-2.513279,0
2,15,2,all,128,64,128,2106,2244,2184.533333,0.96405,1.027222,0.999542,11.862339,13,-2.276221,0
2,16,2,all,128,72,128,3952,4154,4096.0,0.964844,1.01416,0.998322,15.223595,14,-3.118207,0
2,17,2,all,256,128,256,7580,7860,7710.117647,0.983124,1.01944,1.000122,13.876069,15,-1.956663,0
2,18,2,all,256,136,256,14310,14802,14563.555556,0.98259,1.016373,0.999795,19.708618,16,-2.765589,0
2,19,2,all,512,256,512,27290,27900,27594.105263,0.988979,1.011086,1.000384,17.653139,17,-2.512044,0
2,20,2,all,512,272,512,51841,52818,52428.8,0.988789,1.007423,0.999931,19.450379,18,-3.455729,0
3,3,3,all,9,4,9,11,15,13.5,0.814815,1.111111,1.0,0.666667,1,-1.0,0
3,4,3,all,27,6,27,27,37,30.375,0.888889,1.218107,1.0,2.123457,2,-0.952579,0
3,5,3,all,81,18,81,63,79,72.9,0.864198,1.083676,1.0,1.802469,3,-2.116951,0
3,6,3,all,243,48,243,156,204,182.25,0.855967,1.119342,1.0,4.85048,4,-3.079201,0
3,7,3,all,729,135,729,440,514,468.642857,0.938881,1.096784,1.0,4.435322,5,-2.175335,0
3,8,3,all,2187,378,2187,1165,1289,1230.1875,0.94701,1.047808,1.0,5.501944,6,-3.03503,0
3,9,3,all,6561,1143,6561,3123,3393,3280.5,0.951989,1.034294,1.0,6.664557,7,-4.409586,0
3,10,3,all,19683,3321,19683,8600,9106,8857.35,0.970945,1.028073,1.0,7.886593,8,-4.315168,0
4,4,2,all,4,2,4,96,128,128.0,0.75,1.0,1.0,12.0,2,-4.242641,0
4,5,2,all,16,2,16,366,422,409.6,0.893555,1.030273,1.011719,14.109375,3,-3.247595,0
4,6,2,all,16,3,16,1280,1344,1365.333333,0.9375,0.984375,0.988281,9.011719,4,-3.0,0
4,7,2,all,64,8,64,4530,4746,4681.142857,0.967712,1.013855,1.003662,9.357422,5,-3.256274,0
4,8,2,all,64,12,64,15936,16704,16384.0,0.972656,1.019531,1.0,13.250977,6,-5.052073,0
4,9,2,all,256,24,256,57886,58472,58254.222222,0.993679,1.003738,0.999908,6.357438,7,-2.020855,0
4,10,2,all,256,28,256,208536,210672,209715.2,0.994377,1.004562,0.999474,10.46871,8,-3.42643,0
5,5,5,all,625,41,625,1450,1650,1562.5,0.928,1.056,1.0,2.699264,3,-5.196152,0
5,6,5,all,3125,165,3125,6383,6629,6510.416667,0.980429,1.018214,1.0,3.749294,4,-2.713692,0
5,7,5,all,15625,815,15625,27579,28260,27901.785714,0.988431,1.012838,1.0,4.447146,5,-3.223516,0
3,11,3,sample30,59049,30,177,23996,24347,24156.409091,0.99336,1.00789,0.999657,8.484502,9,-1.613626,0
5,8,5,sample20,78125,20,400,121755,122505,122070.3125,0.997417,1.003561,1.000141,5.677342,6,-1.473739,0
7,7,7,sample40,117649,40,1618,411057,413034,411771.5,0.998265,1.003066,1.000102,6.433462,5,-1.861869,0
