q,d,N,s_lo,density_data,density_CUE
3,12,10,0.0,0.011532794797541025,0.0117
3,12,10,0.1,0.060610679266371995,0.07575
3,12,10,0.2,0.16298328506833304,0.18379999999999994
3,12,10,0.3,0.3116394858507342,0.3334500000000001
3,12,10,0.4,0.4755203305729141,0.5070000000000001
3,12,10,0.5,0.6575894596013474,0.6697999999999994
3,12,10,0.6,0.7969821673525379,0.7973500000000001
3,12,10,0.7,0.92135345221765,0.8834000000000002
3,12,10,0.8,0.9641314840217449,0.9386000000000001
3,12,10,0.9,0.9542837304611427,0.9251500000000001
3,12,10,1.0,0.927492421548205,0.8782999999999993
3,12,10,1.1,0.8271096885637345,0.8013999999999992
3,12,10,1.2,0.7123405984860042,0.6930500000000008
3,12,10,1.3,0.5789259767311888,0.5812499999999995
3,12,10,1.4,0.4618029094480861,0.46945000000000064
3,12,10,1.5,0.34671205270199296,0.3678999999999997
3,12,10,1.6,0.259259259259259,0.2751999999999997
3,12,10,1.7,0.1887415536249558,0.20170000000000027
3,12,10,1.8,0.13722501651171048,0.13779999999999987
3,12,10,1.9,0.08682619519382219,0.10030000000000013
3,12,10,2.0,0.0575115581974292,0.06489999999999994
3,12,10,2.1,0.04171112127216376,0.04244999999999997
3,12,10,2.2,0.023472031702484356,0.026699999999999977
3,12,10,2.3,0.014581110603058464,0.013949999999999988
3,12,10,2.4,0.009195752679977678,0.007750000000000028
3,12,10,2.5,0.0056901895036325706,0.004699999999999996
3,12,10,2.6,0.0022862368541380867,0.0035999999999999964
3,12,10,2.7,0.0014733526393334337,0.0017999999999999982
3,12,10,2.8,0.0007620789513793622,0.0008999999999999991
3,12,10,2.9,0.00010161052685058208,0.0003500000000000013
3,12,10,3.0,0.00010161052685058163,0.00029999999999999976
3,12,10,3.1,0.0,9.999999999999991e-05
3,12,10,3.2,0.0,4.9999999999999955e-05
3,12,10,3.3,5.0805263425290816e-05,9.999999999999991e-05
3,12,10,3.4,0.0,0.0
2,20,18,0.0,0.010484220707126164,0.011194475540209834
2,20,18,0.1,0.06260862717434586,0.07283353564871013
2,20,18,0.2,0.1683381525810426,0.190528307023075
2,20,18,0.3,0.3137252618420951,0.3401953894316374
2,20,18,0.4,0.47761573126676904,0.5078625218403385
2,20,18,0.5,0.6453993098881641,0.6681407448354018
2,20,18,0.6,0.7956223040773388,0.8023633398981665
2,20,18,0.7,0.9041413365010601,0.8846969019358388
2,20,18,0.8,0.96311473136992,0.9340859280164668
2,20,18,0.9,0.9630176809269817,0.9225858960719336
2,20,18,1.0,0.9224478229090058,0.8760579890499688
2,20,18,1.1,0.8299837066170648,0.7946133183703281
2,20,18,1.2,0.7159383446854632,0.6883352453756825
2,20,18,1.3,0.5881755958619904,0.5773071591865528
2,20,18,1.4,0.46638006284432176,0.47164019900055343
2,20,18,1.5,0.35933065141366416,0.3605010013916702
2,20,18,1.6,0.2609797325400705,0.27852855146819827
2,20,18,1.7,0.1877621055176784,0.20341723171453283
2,20,18,1.8,0.12948192809837686,0.14233372870480185
2,20,18,1.9,0.08648026326735024,0.09950027638965678
2,20,18,2.0,0.05718489384899834,0.06455573487704126
2,20,18,2.1,0.036127720601202507,0.043416787268853486
2,20,18,2.2,0.023330926482348444,0.027527854244039543
2,20,18,2.3,0.014033494048866828,0.01630560084889123
2,20,18,2.4,0.008143918597415936,0.009416692824146767
2,20,18,2.5,0.004589099516078759,0.005194458873496867
2,20,18,2.6,0.0026092704801390404,0.003250009027802852
2,20,18,2.7,0.0015860815245903625,0.0017777827160630987
2,20,18,2.8,0.0006433057931904966,0.0009444470679085212
2,20,18,2.9,0.0004159304697352368,0.0005277792438312347
2,20,18,3.0,0.00020519236506938256,0.00022222283950788733
2,20,18,3.1,7.486748455234229e-05,2.7777854938485917e-05
2,20,18,3.2,1.6637218789409397e-05,8.333356481545775e-05
2,20,18,3.3,5.545739596469799e-06,2.7777854938485917e-05
2,20,18,3.4,5.545739596469824e-06,0.0
5,9,7,0.0,0.015862857142857144,0.011642857142857142
5,9,7,0.1,0.06441142857142858,0.0755
5,9,7,0.2,0.1690971428571428,0.18399999999999994
5,9,7,0.3,0.3073371428571429,0.3405
5,9,7,0.4,0.4797714285714287,0.5075714285714287
5,9,7,0.5,0.6474057142857138,0.6607142857142851
5,9,7,0.6,0.819154285714286,0.7837142857142859
5,9,7,0.7,0.9209142857142859,0.8840000000000002
5,9,7,0.8,0.9574857142857145,0.9240714285714288
5,9,7,0.9,0.9487085714285717,0.9410000000000002
5,9,7,1.0,0.9136457142857134,0.8832142857142848
5,9,7,1.1,0.8074514285714278,0.7961428571428564
5,9,7,1.2,0.703040000000001,0.6911428571428581
5,9,7,1.3,0.5858239999999995,0.6013571428571424
5,9,7,1.4,0.45495314285714344,0.4727857142857149
5,9,7,1.5,0.3594971428571425,0.3681428571428568
5,9,7,1.6,0.26628571428571407,0.2758571428571426
5,9,7,1.7,0.1912685714285717,0.2070000000000003
5,9,7,1.8,0.12781714285714274,0.14171428571428557
5,9,7,1.9,0.102857142857143,0.09614285714285727
5,9,7,2.0,0.06077257142857138,0.060357142857142804
5,9,7,2.1,0.037695999999999966,0.03914285714285711
5,9,7,2.2,0.027748571428571404,0.023857142857142834
5,9,7,2.3,0.014994285714285701,0.013357142857142845
5,9,7,2.4,0.007131428571428597,0.007928571428571457
5,9,7,2.5,0.004937142857142853,0.004357142857142853
5,9,7,2.6,0.0022857142857142837,0.002571428571428569
5,9,7,2.7,0.001005714285714285,0.0010714285714285704
5,9,7,2.8,0.00031999999999999976,0.0008571428571428564
5,9,7,2.9,0.0002742857142857153,0.00014285714285714336
5,9,7,3.0,4.5714285714285675e-05,0.00014285714285714273
5,9,7,3.1,0.0,0.0
5,9,7,3.2,0.0,0.0
5,9,7,3.3,0.0,0.0
5,9,7,3.4,0.0,0.0
7,8,6,0.0,0.011067708333333334,0.00975
7,8,6,0.1,0.06290325715174129,0.0685
7,8,6,0.2,0.16537915889303476,0.18241666666666662
7,8,6,0.3,0.32688121890547267,0.3235833333333334
7,8,6,0.4,0.49684196206467673,0.4980000000000001
7,8,6,0.5,0.6566726912313428,0.671166666666666
7,8,6,0.6,0.785690687189055,0.7973333333333334
7,8,6,0.7,0.9122016868781097,0.8933333333333335
7,8,6,0.8,0.9397737873134331,0.9330000000000003
7,8,6,0.9,0.9806922419154231,0.9360000000000003
7,8,6,1.0,0.9018287468905465,0.881416666666666
7,8,6,1.1,0.8032348025497505,0.8114999999999992
7,8,6,1.2,0.7078086131840805,0.6990833333333343
7,8,6,1.3,0.5702250466417906,0.5849999999999995
7,8,6,1.4,0.46633531560945335,0.4776666666666673
7,8,6,1.5,0.3663615516169151,0.37574999999999964
7,8,6,1.6,0.2649545242537311,0.27349999999999974
7,8,6,1.7,0.194841223569652,0.1948333333333336
7,8,6,1.8,0.1335995802238805,0.13766666666666655
7,8,6,1.9,0.09932272232587078,0.09958333333333347
7,8,6,2.0,0.05900672419154224,0.06508333333333327
7,8,6,2.1,0.043226251554726335,0.0380833333333333
7,8,6,2.2,0.023646416355721372,0.02041666666666665
7,8,6,2.3,0.012408659825870636,0.012083333333333323
7,8,6,2.4,0.007166316853233857,0.006916666666666692
7,8,6,2.5,0.004712764303482582,0.003916666666666663
7,8,6,2.6,0.0024438355099502466,0.0024999999999999974
7,8,6,2.7,0.0005004275497512433,0.0012499999999999987
7,8,6,2.8,9.231187810945265e-05,0.00033333333333333305
7,8,6,2.9,7.287779850746295e-05,8.333333333333363e-05
7,8,6,3.0,0.00010688743781094518,0.00016666666666666653
7,8,6,3.1,0.0,0.0
7,8,6,3.2,0.0,8.333333333333326e-05
7,8,6,3.3,0.0,0.0
7,8,6,3.4,0.0,0.0
4,10,8,0.0,0.02003363310667544,0.0093125
4,10,8,0.1,0.056178096518750935,0.0706875
4,10,8,0.2,0.17425636819668686,0.18956249999999994
4,10,8,0.3,0.3037915128858033,0.3382500000000001
4,10,8,0.4,0.4630051721233045,0.50975
4,10,8,0.5,0.6577465818527449,0.6591874999999995
4,10,8,0.6,0.8215760511935304,0.7961875000000002
4,10,8,0.7,0.9184126953851437,0.8863750000000001
4,10,8,0.8,0.9703691694402855,0.9294375000000001
4,10,8,0.9,0.9420130908443565,0.9238750000000002
4,10,8,1.0,0.9201547504378971,0.8808749999999993
4,10,8,1.1,0.811263593910436,0.8087499999999993
4,10,8,1.2,0.6913033941463145,0.7026250000000009
4,10,8,1.3,0.5955666606266943,0.5800624999999995
4,10,8,1.4,0.46477265863668354,0.46781250000000063
4,10,8,1.5,0.347241163362166,0.36918749999999967
4,10,8,1.6,0.26923651576273694,0.2793124999999998
4,10,8,1.7,0.19172778164547935,0.19737500000000027
4,10,8,1.8,0.12634349638078515,0.14118749999999985
4,10,8,1.9,0.08908640656640325,0.09737500000000013
4,10,8,2.0,0.06852507065177649,0.06462499999999995
4,10,8,2.1,0.03918988082181761,0.038999999999999965
4,10,8,2.2,0.026041815679131237,0.024937499999999977
4,10,8,2.3,0.012919181997069012,0.014124999999999988
4,10,8,2.4,0.00933334604906368,0.009937500000000035
4,10,8,2.5,0.006027256167923929,0.005124999999999996
4,10,8,2.6,0.0020726640408683557,0.0021249999999999984
4,10,8,2.7,0.001068121346214367,0.0013124999999999988
4,10,8,2.8,0.0004577662912347288,0.0006874999999999994
4,10,8,2.9,7.629438187245514e-05,0.000562500000000002
4,10,8,3.0,0.0,0.0002499999999999998
4,10,8,3.1,0.0002098095501492507,6.249999999999995e-05
4,10,8,3.2,0.0,6.249999999999995e-05
4,10,8,3.3,0.0,0.0
4,10,8,3.4,0.0,0.0
3,14,12,0.0,0.009308631890292417,0.010916666666666667
3,14,12,0.1,0.06639699425806363,0.07570833333333334
3,14,12,0.2,0.17329481227228039,0.19224999999999995
3,14,12,0.3,0.3192913823490104,0.33987500000000004
3,14,12,0.4,0.486546981580088,0.5023750000000001
3,14,12,0.5,0.6526034816344216,0.669916666666666
3,14,12,0.6,0.7957927856697657,0.7931250000000001
3,14,12,0.7,0.9030434635979722,0.8867500000000003
3,14,12,0.8,0.9551230887795545,0.9370416666666669
3,14,12,0.9,0.9583300545465221,0.924291666666667
3,14,12,1.0,0.9086767316053805,0.8746249999999993
3,14,12,1.1,0.8203024977485657,0.7953749999999993
3,14,12,1.2,0.7059571496912953,0.6898333333333343
3,14,12,1.3,0.5854258238498323,0.5829999999999995
3,14,12,1.4,0.4657719638121868,0.46529166666666727
3,14,12,1.5,0.3578811417922283,0.36895833333333306
3,14,12,1.6,0.2640422632497334,0.2739583333333331
3,14,12,1.7,0.19068487298916714,0.20491666666666694
3,14,12,1.8,0.1331936882417083,0.13999999999999987
3,14,12,1.9,0.0905038839571773,0.09825000000000014
3,14,12,2.0,0.060217261782086154,0.06641666666666661
3,14,12,2.1,0.03857414617268773,0.04337499999999996
3,14,12,2.2,0.023810237559033755,0.026416666666666644
3,14,12,2.3,0.015463383133421004,0.015874999999999986
3,14,12,2.4,0.00862789329516204,0.008875000000000032
3,14,12,2.5,0.005133643350432982,0.005666666666666662
3,14,12,2.6,0.0027978980790680976,0.0030833333333333303
3,14,12,2.7,0.001689355871401608,0.0020416666666666647
3,14,12,2.8,0.0007837861806317996,0.0009166666666666659
3,14,12,2.9,0.0004840113864459342,0.0005833333333333354
3,14,12,3.0,0.00016237801351734495,0.00020833333333333316
3,14,12,3.1,4.683981159154181e-05,4.166666666666663e-05
3,14,12,3.2,3.747184927323345e-05,0.0
3,14,12,3.3,0.0,4.166666666666663e-05
3,14,12,3.4,0.0,0.0
