q,d,N,n,form_factor,CUE
3,12,10,1,1.0,1
3,12,10,2,1.6666666666666665,2
3,12,10,3,2.7777777777777772,3
3,12,10,4,3.740740740740741,4
3,12,10,5,4.950617283950616,5
3,12,10,6,5.847736625514402,6
3,12,10,7,6.991769547325102,7
3,12,10,8,7.947416552354823,8
3,12,10,9,8.99146471574455,9
3,12,10,10,9.978407763044249,10
3,12,10,11,10.600247252282005,10
3,12,10,12,10.408423512675913,10
3,12,10,13,9.89413688443308,10
3,12,10,14,10.041975810422354,10
3,12,10,15,10.07442657479068,10
3,12,10,16,10.190704908743221,10
3,12,10,17,10.025896258160989,10
3,12,10,18,10.018122565014883,10
3,12,10,19,9.977690673969493,10
3,12,10,20,9.921382467203482,10
3,12,10,21,10.042585427122313,10
3,12,10,22,9.960501869871708,10
3,12,10,23,9.97368168276373,10
3,12,10,24,10.222119469382124,10
3,12,10,25,9.935239859605723,10
3,12,10,26,9.985352395816863,10
3,12,10,27,9.976846056568734,10
3,12,10,28,10.067558363755921,10
3,12,10,29,10.110427815527352,10
3,12,10,30,9.983927790610858,10
3,12,10,31,9.802496935676304,10
3,12,10,32,9.998032765734811,10
2,20,18,1,0.9999838572760774,1
2,20,18,2,1.4980329647568267,2
2,20,18,3,2.4998880337557376,3
2,20,18,4,3.372897869245473,4
2,20,18,5,4.752921313474543,5
2,20,18,6,5.435035247369732,6
2,20,18,7,6.893782149343535,7
2,20,18,8,7.6949564068703395,8
2,20,18,9,8.89169486551172,9
2,20,18,10,9.811091172671242,10
2,20,18,11,10.995192712958836,11
2,20,18,12,11.895326887820922,12
2,20,18,13,13.004826654925068,13
2,20,18,14,13.942836951642954,14
2,20,18,15,14.980811436210619,15
2,20,18,16,15.981251926050916,16
2,20,18,17,17.001743536010125,17
2,20,18,18,17.988369993135137,18
2,20,18,19,18.99802590344642,18
2,20,18,20,19.995254178919364,18
2,20,18,21,17.650407186134412,18
2,20,18,22,18.663402311344363,18
2,20,18,23,17.97441208954622,18
2,20,18,24,17.88148202038307,18
2,20,18,25,18.270932514300938,18
2,20,18,26,17.878912329710825,18
2,20,18,27,18.051789632474097,18
2,20,18,28,17.957199939980413,18
2,20,18,29,18.008371360389265,18
2,20,18,30,18.050197483016145,18
2,20,18,31,17.957083383421462,18
2,20,18,32,18.04342194332682,18
2,20,18,33,17.951311333081016,18
2,20,18,34,18.1414937181576,18
2,20,18,35,17.965584623986388,18
2,20,18,36,18.068600168987704,18
2,20,18,37,17.85414225071525,18
2,20,18,38,18.05752699922677,18
2,20,18,39,17.989923880023067,18
2,20,18,40,17.902911237451907,18
2,20,18,41,17.978546600746448,18
2,20,18,42,18.04922809199032,18
2,20,18,43,17.955966714908463,18
2,20,18,44,18.02257264375739,18
2,20,18,45,18.06445064598433,18
2,20,18,46,18.023791747267975,18
2,20,18,47,18.053764415091592,18
2,20,18,48,18.15465981667176,18
2,20,18,49,17.932795008090263,18
2,20,18,50,18.092582736962378,18
2,20,18,51,17.976216375853078,18
2,20,18,52,18.066184943367794,18
2,20,18,53,17.98152138232181,18
2,20,18,54,18.072387847289605,18
2,20,18,55,17.969263711164807,18
2,20,18,56,17.996807695868792,18
5,9,7,1,1.0,1
5,9,7,2,1.8,2
5,9,7,3,2.92,3
5,9,7,4,3.911999999999999,4
5,9,7,5,4.9936,5
5,9,7,6,5.97024,6
5,9,7,7,6.999616,7
5,9,7,8,7.2665216,7
5,9,7,9,7.156042239999999,7
5,9,7,10,7.140031999999999,7
5,9,7,11,7.011044863999999,7
5,9,7,12,7.0260642816,7
5,9,7,13,6.97019611136,7
5,9,7,14,6.95953442816,7
5,9,7,15,7.0767619072,7
5,9,7,16,6.922869952511998,7
5,9,7,17,6.879023771647999,7
5,9,7,18,7.133332300922878,7
5,9,7,19,7.035250701926398,7
5,9,7,20,6.9938892333056,7
5,9,7,21,7.039775709822973,7
5,9,7,22,7.106094659344794,7
5,9,7,23,6.887137045495151,7
7,8,6,1,1.0000952639428828,1
7,8,6,2,1.8606162160241146,2
7,8,6,3,2.962410891230804,3
7,8,6,4,3.9540986900083235,4
7,8,6,5,5.007089810420652,5
7,8,6,6,5.9862244729344845,6
7,8,6,7,6.169726738739705,6
7,8,6,8,6.060361027127624,6
7,8,6,9,5.885019253065992,6
7,8,6,10,6.0291243741634,6
7,8,6,11,6.107599183669175,6
7,8,6,12,5.870614404831028,6
7,8,6,13,6.141264554097105,6
7,8,6,14,5.999378651832772,6
7,8,6,15,5.950117067481704,6
7,8,6,16,6.039695047273842,6
7,8,6,17,5.965856315455474,6
7,8,6,18,6.09580646268955,6
7,8,6,19,6.03662650478013,6
7,8,6,20,5.958190073848198,6
4,10,8,1,0.9999999999997735,1
4,10,8,2,1.7499999999990814,2
4,10,8,3,2.874999999992005,3
4,10,8,4,3.8593749999959464,4
4,10,8,5,4.984374999994052,5
4,10,8,6,5.939453124967655,6
4,10,8,7,6.998535156238508,7
4,10,8,8,7.983825683578037,8
4,10,8,9,8.413024902271793,8
4,10,8,10,8.295448303199107,8
4,10,8,11,8.0607223510434,8
4,10,8,12,8.121638297906056,8
4,10,8,13,7.906240701636182,8
4,10,8,14,8.090768456411277,8
4,10,8,15,7.96420505622903,8
4,10,8,16,8.183770224387338,8
4,10,8,17,7.750996854087453,8
4,10,8,18,8.047163383746751,8
4,10,8,19,8.065380040939191,8
4,10,8,20,8.035815810447126,8
4,10,8,21,7.872283458026914,8
4,10,8,22,7.981819467646645,8
4,10,8,23,8.197647664938273,8
4,10,8,24,8.327805244079784,8
4,10,8,25,7.7341696459384375,8
4,10,8,26,7.785130233635704,8
3,14,12,1,0.9990722006323484,1
3,14,12,2,1.6680551470496274,2
3,14,12,3,2.7691370217437536,3
3,14,12,4,3.7541604184346156,4
3,14,12,5,4.947753628341467,5
3,14,12,6,5.823734660179894,6
3,14,12,7,6.992429421367962,7
3,14,12,8,7.973768554804293,8
3,14,12,9,8.992081618775087,9
3,14,12,10,9.97243321109691,10
3,14,12,11,11.005690218389779,11
3,14,12,12,11.99353740329677,12
3,14,12,13,12.600588730785926,12
3,14,12,14,12.364208361498052,12
3,14,12,15,12.038167230778644,12
3,14,12,16,12.038768344059392,12
3,14,12,17,11.982730593160312,12
3,14,12,18,12.102179697581137,12
3,14,12,19,11.964359283586441,12
3,14,12,20,11.984503236881475,12
3,14,12,21,11.928395380667189,12
3,14,12,22,12.105524115235887,12
3,14,12,23,11.985289053068318,12
3,14,12,24,12.011280505820872,12
3,14,12,25,11.989769327086462,12
3,14,12,26,12.04634937081326,12
3,14,12,27,11.95387765495406,12
3,14,12,28,11.982801400568937,12
3,14,12,29,12.022333612487135,12
3,14,12,30,11.98899756023333,12
3,14,12,31,11.973364017496648,12
3,14,12,32,11.98001728795167,12
3,14,12,33,12.061749801809714,12
3,14,12,34,12.08546846103945,12
3,14,12,35,11.928531738717593,12
3,14,12,36,11.996449389723393,12
3,14,12,37,12.023230117708282,12
3,14,12,38,11.981999308653835,12
